{
  "ALPHABETICAL LIST OF ALL REGISTRANTS WHOSE REGISTRATIONS WERE IN ACTIVE STATUS AT ANY TIME DURING THE CALENDAR YEAR 1972 AS WELL AS THE COUNTRIES THEY REPRESENT": [
    {
      "organization_name": "A R & H ADVERTISING, INC.",
      "registration_number": "",
      "foreign_principal_client": null,
      "total_finances_reported": null,
      "money_amount_numeric": 0.0,
      "activities_description": null,
      "contacted_entities": [],
      "page_number": 56,
      "document_name": "910121.pdf"
    },
    {
      "organization_name": "A. S. NEMIR ASSOCIATES",
      "registration_number": "",
      "foreign_principal_client": null,
      "total_finances_reported": null,
      "money_amount_numeric": 0.0,
      "activities_description": null,
      "contacted_entities": [],
      "page_number": 56,
      "document_name": "910121.pdf"
    },
    {
      "organization_name": "ADAMS, J. COLLIER (T)",
      "registration_number": "",
      "foreign_principal_client": null,
      "total_finances_reported": null,
      "money_amount_numeric": 0.0,
      "activities_description": null,
      "contacted_entities": [],
      "page_number": 56,
      "document_name": "910121.pdf"
    },
    {
      "organization_name": "AFRICAN NATIONAL CONGRESS OF SOUTH AFRICA",
      "registration_number": "",
      "foreign_principal_client": null,
      "total_finances_reported": null,
      "money_amount_numeric": 0.0,
      "activities_description": null,
      "contacted_entities": [],
      "page_number": 56,
      "document_name": "910121.pdf"
    },
    {
      "organization_name": "AGUIRRE, FRANCISCO",
      "registration_number": "",
      "foreign_principal_client": null,
      "total_finances_reported": null,
      "money_amount_numeric": 0.0,
      "activities_description": null,
      "contacted_entities": [],
      "page_number": 56,
      "document_name": "910121.pdf"
    },
    {
      "organization_name": "AIR RHODESIA",
      "registration_number": "",
      "foreign_principal_client": null,
      "total_finances_reported": null,
      "money_amount_numeric": 0.0,
      "activities_description": null,
      "contacted_entities": [],
      "page_number": 56,
      "document_name": "910121.pdf"
    },
    {
      "organization_name": "ALBERT M. PROSTERMAN & ASSOCIATES, INC.",
      "registration_number": "",
      "foreign_principal_client": null,
      "total_finances_reported": null,
      "money_amount_numeric": 0.0,
      "activities_description": null,
      "contacted_entities": [],
      "page_number": 56,
      "document_name": "910121.pdf"
    },
    {
      "organization_name": "ALBERT WOODLEY COMPANY, INC.",
      "registration_number": "",
      "foreign_principal_client": null,
      "total_finances_reported": null,
      "money_amount_numeric": 0.0,
      "activities_description": null,
      "contacted_entities": [],
      "page_number": 56,
      "document_name": "910121.pdf"
    },
    {
      "organization_name": "ALPINE TOURIST COMMISSION",
      "registration_number": "",
      "foreign_principal_client": null,
      "total_finances_reported": null,
      "money_amount_numeric": 0.0,
      "activities_description": null,
      "contacted_entities": [],
      "page_number": 56,
      "document_name": "910121.pdf"
    },
    {
      "organization_name": "AMTORG TRADING CORPORATION",
      "registration_number": "",
      "foreign_principal_client": null,
      "total_finances_reported": null,
      "money_amount_numeric": 0.0,
      "activities_description": null,
      "contacted_entities": [],
      "page_number": 56,
      "document_name": "910121.pdf"
    },
    {
      "organization_name": "ANESTOS, HARRY P.",
      "registration_number": "",
      "foreign_principal_client": null,
      "total_finances_reported": null,
      "money_amount_numeric": 0.0,
      "activities_description": null,
      "contacted_entities": [],
      "page_number": 56,
      "document_name": "910121.pdf"
    }
  ],
  "alphabetical_index": [
    {
      "registrant_name": "A R & H ADVERTISING, INC.",
      "countries_represented": [
        "Venezuela"
      ],
      "page_number": 56,
      "document_name": "910121.pdf"
    },
    {
      "registrant_name": "A. S. NEMIR ASSOCIATES",
      "countries_represented": [
        "Brazil"
      ],
      "page_number": 56,
      "document_name": "910121.pdf"
    },
    {
      "registrant_name": "ADAMS, J. COLLIER",
      "countries_represented": [
        "Ras Al-Khaim"
      ],
      "page_number": 56,
      "document_name": "910121.pdf"
    },
    {
      "registrant_name": "AFRICAN NATIONAL CONGRESS OF SOUTH AFRICA",
      "countries_represented": [
        "South Africa"
      ],
      "page_number": 56,
      "document_name": "910121.pdf"
    },
    {
      "registrant_name": "AGUIRRE, FRANCISCO",
      "countries_represented": [
        "Panama"
      ],
      "page_number": 56,
      "document_name": "910121.pdf"
    },
    {
      "registrant_name": "AIR RHODESIA",
      "countries_represented": [
        "Rhodesia"
      ],
      "page_number": 56,
      "document_name": "910121.pdf"
    },
    {
      "registrant_name": "ALBERT M. PROSTERMAN & ASSOCIATES, INC.",
      "countries_represented": [
        "Guadaloupe & Martinique",
        "International",
        "Madagascar"
      ],
      "page_number": 56,
      "document_name": "910121.pdf"
    },
    {
      "registrant_name": "ALBERT WOODLEY COMPANY, INC.",
      "countries_represented": [
        "Germany"
      ],
      "page_number": 56,
      "document_name": "910121.pdf"
    },
    {
      "registrant_name": "ALPINE TOURIST COMMISSION",
      "countries_represented": [
        "International"
      ],
      "page_number": 56,
      "document_name": "910121.pdf"
    },
    {
      "registrant_name": "AMTORG TRADING CORPORATION",
      "countries_represented": [
        "USSR"
      ],
      "page_number": 56,
      "document_name": "910121.pdf"
    },
    {
      "registrant_name": "ANESTOS, HARRY P.",
      "countries_represented": [
        "Greece"
      ],
      "page_number": 56,
      "document_name": "910121.pdf"
    }
  ]
}