{
  "ALPHABETICAL LIST OF ALL REGISTRANTS WHOSE REGISTRATIONS WERE IN ACTIVE STATUS AT ANY TIME DURING THE CALENDAR YEAR 1974 AS WELL AS THE COUNTRIES THEY REPRESENT": [
    {
      "organization_name": "AC&R PUBLIC RELATIONS, INC.",
      "registration_number": "",
      "foreign_principal_client": "Greece",
      "total_finances_reported": "None Reported",
      "money_amount_numeric": 0.0,
      "activities_description": null,
      "contacted_entities": [],
      "page_number": 154,
      "document_name": "910156.pdf"
    },
    {
      "organization_name": "A. F. SABO ASSOCIATES - PUBLIC RELATIONS COUNSELLORS",
      "registration_number": "",
      "foreign_principal_client": "Jamaica",
      "total_finances_reported": "None Reported",
      "money_amount_numeric": 0.0,
      "activities_description": null,
      "contacted_entities": [],
      "page_number": 154,
      "document_name": "910156.pdf"
    },
    {
      "organization_name": "A. R. BUSSE & ASSOCIATES, INC.",
      "registration_number": "",
      "foreign_principal_client": "Mexico",
      "total_finances_reported": "None Reported",
      "money_amount_numeric": 0.0,
      "activities_description": null,
      "contacted_entities": [],
      "page_number": 154,
      "document_name": "910156.pdf"
    },
    {
      "organization_name": "A R & H ADVERTISING, INC.",
      "registration_number": "",
      "foreign_principal_client": "Venezuela",
      "total_finances_reported": "None Reported",
      "money_amount_numeric": 0.0,
      "activities_description": null,
      "contacted_entities": [],
      "page_number": 154,
      "document_name": "910156.pdf"
    },
    {
      "organization_name": "A. S. NEMIR ASSOCIATES",
      "registration_number": "",
      "foreign_principal_client": "Brazil",
      "total_finances_reported": "None Reported",
      "money_amount_numeric": 0.0,
      "activities_description": null,
      "contacted_entities": [],
      "page_number": 154,
      "document_name": "910156.pdf"
    },
    {
      "organization_name": "AFRICAN NATIONAL CONGRESS OF SOUTH AFRICA",
      "registration_number": "",
      "foreign_principal_client": "South Africa",
      "total_finances_reported": "None Reported",
      "money_amount_numeric": 0.0,
      "activities_description": null,
      "contacted_entities": [],
      "page_number": 154,
      "document_name": "910156.pdf"
    },
    {
      "organization_name": "AGUIRRE, FRANCISCO",
      "registration_number": "",
      "foreign_principal_client": "Panama",
      "total_finances_reported": "None Reported",
      "money_amount_numeric": 0.0,
      "activities_description": null,
      "contacted_entities": [],
      "page_number": 154,
      "document_name": "910156.pdf"
    },
    {
      "organization_name": "AIR RHODESIA",
      "registration_number": "",
      "foreign_principal_client": "Rhodesia",
      "total_finances_reported": "None Reported",
      "money_amount_numeric": 0.0,
      "activities_description": null,
      "contacted_entities": [],
      "page_number": 154,
      "document_name": "910156.pdf"
    },
    {
      "organization_name": "ALAN PRIGGE, INC.",
      "registration_number": "",
      "foreign_principal_client": "China, Republic of (Formosa)",
      "total_finances_reported": "None Reported",
      "money_amount_numeric": 0.0,
      "activities_description": null,
      "contacted_entities": [],
      "page_number": 154,
      "document_name": "910156.pdf"
    },
    {
      "organization_name": "ALBERT M. PROSTERMAN & ASSOCIATES, INC.",
      "registration_number": "",
      "foreign_principal_client": "Guadaloupe & Martinique (t), International, Madagascar",
      "total_finances_reported": "None Reported",
      "money_amount_numeric": 0.0,
      "activities_description": null,
      "contacted_entities": [],
      "page_number": 154,
      "document_name": "910156.pdf"
    },
    {
      "organization_name": "ALBERT WOODLEY COMPANY, INC.",
      "registration_number": "",
      "foreign_principal_client": "Germany",
      "total_finances_reported": "None Reported",
      "money_amount_numeric": 0.0,
      "activities_description": null,
      "contacted_entities": [],
      "page_number": 154,
      "document_name": "910156.pdf"
    }
  ]
}