{
  "UNITED ARAB REPUBLIC": [
    {
      "organization_name": "Hamilton Wright Organization, Inc.",
      "registration_number": "",
      "foreign_principal_client": "The United Arab Republic",
      "total_finances_reported": "None Reported",
      "money_amount_numeric": 0.0,
      "activities_description": "These publications consist almost entirely of tourist information with occasional pamphlets describing industrial progress in the United Arab Republic.",
      "contacted_entities": [],
      "page_number": 8,
      "document_name": "910196.pdf"
    },
    {
      "organization_name": "Hill & Knowlton, Inc.",
      "registration_number": "",
      "foreign_principal_client": "Saudi Arabia",
      "total_finances_reported": "None Reported",
      "money_amount_numeric": 0.0,
      "activities_description": "Articles in this publication dealing with Saudi Arabia stressed the progress being made toward educational and economic modernization.",
      "contacted_entities": [],
      "page_number": 8,
      "document_name": "910196.pdf"
    },
    {
      "organization_name": "Palestine Arab Delegation",
      "registration_number": "",
      "foreign_principal_client": "Lebanon-based Arab Higher Committee for Palestine",
      "total_finances_reported": "None Reported",
      "money_amount_numeric": 0.0,
      "activities_description": "The central theme of this group's material was that American Near East policy since 1919 has been dictated by domestic Zionist pressure groups, rather than by moral principles or the United States' own best. interest. Strong protest was levied at the beginning of the year against \"American pressure on West Germany\", which resulted in that country's supplying considerable amounts of American-made arms to Israel. The United States was accused in this regard of contributing to the arms race in the Near East. Similarly, this country was charged with encouraging the proliferation of nuclear weapons by supplying aid to Israel, which facilitated the building of that nation's Dimona Atomic Reactor. It was requested that the United States use its influence to place the Dimona Reactor under United Nations supervision and control. In other matters, the Palestine Arab Delegation defended the Arab boycott of Israel as comparable to United States economic reprisals against Cuba and Communist China.",
      "contacted_entities": [
        "United States and United Nations officials"
      ],
      "page_number": 8,
      "document_name": "910196.pdf"
    },
    {
      "organization_name": "Palestine Liberation Organization",
      "registration_number": "",
      "foreign_principal_client": "None specified",
      "total_finances_reported": "None Reported",
      "money_amount_numeric": 0.0,
      "activities_description": "Thus far its publications consist of a few press releases, United Nations speeches, and booklets. In these it was claimed that the organization represents the people of Palestine wherever they reside",
      "contacted_entities": [],
      "page_number": 8,
      "document_name": "910196.pdf"
    }
  ],
  "British Guiana": [
    {
      "organization_name": "British Guiana Public Relations and Information Office",
      "registration_number": "",
      "foreign_principal_client": "People's National Congress - United Force Coalition Government",
      "total_finances_reported": "None Reported",
      "money_amount_numeric": 0.0,
      "activities_description": "distributed industrial and\ntrade information, as well as political pamphlets describing the\nnew People's National Congress - United Force Coalition Govern-\nment, which came to power in the December 1964, elections. In\naddition, the People's National Congress Party (Penaco Informa-\ntion Service, 1 East 42nd Street, New York City), leading\nmember of the coalition, issued a weekly newspaper called New\nNation (350). Both sources stressed the transformation being wrought in\nBritish Guiana by the new government, most particularly, the\nre-establishment of economic stability and the return to tran-\nqUility after three years of racial violence. The former govern-\nment, led by Cheddi Jagan, was described as corrupt, pro-\nCommunist, and representative only of the Indian community,\nwhile the People's National Congress - United Force Coalition,\nwas portrayed as a multi-racial \"consultative democracy\", in\nwhich Guianese workers, employers, industry, religious and\nother organizations all participate in a consultative capacity\nin the administration of the country. While expressing a desire for United States aid and trade,\nthe New Nation voiced a deep fear of possible American inter-\nvention as·anaccompaniment. The sending of United States troops",
      "contacted_entities": [],
      "page_number": 11,
      "document_name": "910196.pdf"
    },
    {
      "organization_name": "People's National Congress Party (Penaco Information Service)",
      "registration_number": "",
      "foreign_principal_client": "People's National Congress Party",
      "total_finances_reported": "None Reported",
      "money_amount_numeric": 0.0,
      "activities_description": "issued a weekly newspaper called New\nNation (350). Both sources stressed the transformation being wrought in\nBritish Guiana by the new government, most particularly, the\nre-establishment of economic stability and the return to tran-\nqUility after three years of racial violence. The former govern-\nment, led by Cheddi Jagan, was described as corrupt, pro-\nCommunist, and representative only of the Indian community,\nwhile the People's National Congress - United Force Coalition,\nwas portrayed as a multi-racial \"consultative democracy\", in\nwhich Guianese workers, employers, industry, religious and\nother organizations all participate in a consultative capacity\nin the administration of the country. While expressing a desire for United States aid and trade,\nthe New Nation voiced a deep fear of possible American inter-\nvention as·anaccompaniment. The sending of United States troops",
      "contacted_entities": [],
      "page_number": 11,
      "document_name": "910196.pdf"
    }
  ],
  "China (People's Republic of)": [],
  "Ghana": [
    {
      "organization_name": "Ghana Information Services",
      "registration_number": "",
      "foreign_principal_client": "Ghana",
      "total_finances_reported": "None Reported",
      "money_amount_numeric": 0.0,
      "activities_description": "disseminated Ghana Today, a news pamphlet, and press releases at random time intervals.",
      "contacted_entities": [],
      "page_number": 18,
      "document_name": "910196.pdf"
    }
  ],
  "Israel": [
    {
      "organization_name": "The Jewish Agency - American Section",
      "registration_number": "",
      "foreign_principal_client": "Israel",
      "total_finances_reported": "None Reported",
      "money_amount_numeric": 0.0,
      "activities_description": "distributed the Israel Digest, a biweekly news pamphlet (8,000), press releases (125), and other material.",
      "contacted_entities": [],
      "page_number": 24,
      "document_name": "910196.pdf"
    },
    {
      "organization_name": "The Israel Information Service",
      "registration_number": "",
      "foreign_principal_client": "Israel",
      "total_finances_reported": "None Reported",
      "money_amount_numeric": 0.0,
      "activities_description": "distributed News from Israel (8,000), a biweekly news-letter; Land of the Bible, a bimonthly pamphlet (17,000); press releases (400), and other publications.",
      "contacted_entities": [],
      "page_number": 24,
      "document_name": "910196.pdf"
    }
  ],
  "Portugal": [
    {
      "organization_name": "Downs and Roosevelt, Inc.",
      "registration_number": "",
      "foreign_principal_client": "Overseas Companies of Portugal (OCP)",
      "total_finances_reported": "None Reported",
      "money_amount_numeric": 0.0,
      "activities_description": "represented in the United States the Overseas Companies of Portugal (OCP), which is an organization of companies that have business interests in Portugal and Portuguese overseas provinces. OCP publications consisted of booklets describing many aspects of life in Portuguese Africa, as well as reprints of articles in United States newspapers.",
      "contacted_entities": [],
      "page_number": 29,
      "document_name": "910196.pdf"
    },
    {
      "organization_name": "Casa de Portugal",
      "registration_number": "",
      "foreign_principal_client": "Overseas Companies of Portugal",
      "total_finances_reported": "None Reported",
      "money_amount_numeric": 0.0,
      "activities_description": "distributed pamphlets on Angola and Mozambique, the texts of major speeches by Prime Minister Salazar, and material supplied to them by the Overseas Companies of Portugal. \"An oasis of peace\" was the description of Portugal's territories in Africa found in Portuguese publications disseminated here. Roberto Holden, leader of an unsuccessful military campaign against Angola in March 1961 from a base in the Congo, was declared to be completely lacking in popular support. Holden's followers, according to Portuguese material, were drunken , dope-filled mercenaries, and Holden himself an admitted receiver of Communist support. According to OCP material, the United States, through its extensive financial aid to the Congo where Holden is based, has in effect joined the Soviet Union and Chinese Communists in trying to defeat a NATO ally. According to these publications, \"the United States furnishes the military base, the Communists furnish war material, and the Algerians train the soldiers.\" In one of these publications it was said that \"The most important ingredient for African revolution is missing in Portuguese Africa. The Portuguese have never been race conscious and the intense racial hatred engendered elsewhere in Africa does not exist in Angola and Mozambique. The Portuguese have always been proud of their racial harmony, and point to Brazil as a nation they fostered which has unusually good race relations, as well as much assimilation and intermarriage.\" OCP publications also described in some detail Portugal's crash program of education, health, welfare and economic development initiated in the territories in 1961. Portuguese material also warned the United States not be taken in by mere \"slogans\" of self-determination and anti-colonialism. As represented in these pamphlets, the Portuguese Government's view of self-determination is that it cannot be attained through the mechanism of a plebiscite, but must be attained gradually by giving the people of colonial territories",
      "contacted_entities": [],
      "page_number": 29,
      "document_name": "910196.pdf"
    }
  ]
}