{
  "ALPHABETICAL LIST OF ALL REGISTRANTS WHOSE REGISTRATIONS WERE IN ACTIVE STATUS AT ANY TIME DURING THE CALENDAR YEAR 1972 AS WELL AS THE COUNTRIES THEY REPRESENT": [
    {
      "organization_name": "A R & H ADVERTISING, INC",
      "registration_number": "",
      "foreign_principal_client": null,
      "total_finances_reported": null,
      "money_amount_numeric": 0.0,
      "activities_description": null,
      "contacted_entities": [],
      "page_number": 56,
      "document_name": "910116.pdf"
    },
    {
      "organization_name": "A. S. NEMIR ASSOCIATES",
      "registration_number": "",
      "foreign_principal_client": null,
      "total_finances_reported": null,
      "money_amount_numeric": 0.0,
      "activities_description": null,
      "contacted_entities": [],
      "page_number": 56,
      "document_name": "910116.pdf"
    },
    {
      "organization_name": "ADAMS, J. COLLIER (T)",
      "registration_number": "",
      "foreign_principal_client": null,
      "total_finances_reported": null,
      "money_amount_numeric": 0.0,
      "activities_description": null,
      "contacted_entities": [],
      "page_number": 56,
      "document_name": "910116.pdf"
    },
    {
      "organization_name": "AFRICAN NATIONAL CONGRESS OF SOUTH AFRICA",
      "registration_number": "",
      "foreign_principal_client": null,
      "total_finances_reported": null,
      "money_amount_numeric": 0.0,
      "activities_description": null,
      "contacted_entities": [],
      "page_number": 56,
      "document_name": "910116.pdf"
    },
    {
      "organization_name": "AGUIRRE, FRANCISCO",
      "registration_number": "",
      "foreign_principal_client": null,
      "total_finances_reported": null,
      "money_amount_numeric": 0.0,
      "activities_description": null,
      "contacted_entities": [],
      "page_number": 56,
      "document_name": "910116.pdf"
    },
    {
      "organization_name": "AIR RHODESIA",
      "registration_number": "",
      "foreign_principal_client": null,
      "total_finances_reported": null,
      "money_amount_numeric": 0.0,
      "activities_description": null,
      "contacted_entities": [],
      "page_number": 56,
      "document_name": "910116.pdf"
    },
    {
      "organization_name": "ALBERT M. PROSTERMAN & ASSOCIATES, INC",
      "registration_number": "",
      "foreign_principal_client": null,
      "total_finances_reported": null,
      "money_amount_numeric": 0.0,
      "activities_description": null,
      "contacted_entities": [],
      "page_number": 56,
      "document_name": "910116.pdf"
    },
    {
      "organization_name": "ALBERT WOODLEY COMPANY, INC",
      "registration_number": "",
      "foreign_principal_client": null,
      "total_finances_reported": null,
      "money_amount_numeric": 0.0,
      "activities_description": null,
      "contacted_entities": [],
      "page_number": 56,
      "document_name": "910116.pdf"
    },
    {
      "organization_name": "ALPINE TOURIST COMMISSION",
      "registration_number": "",
      "foreign_principal_client": null,
      "total_finances_reported": null,
      "money_amount_numeric": 0.0,
      "activities_description": null,
      "contacted_entities": [],
      "page_number": 56,
      "document_name": "910116.pdf"
    },
    {
      "organization_name": "AMTORG TRADING CORPORATION",
      "registration_number": "",
      "foreign_principal_client": null,
      "total_finances_reported": null,
      "money_amount_numeric": 0.0,
      "activities_description": null,
      "contacted_entities": [],
      "page_number": 56,
      "document_name": "910116.pdf"
    },
    {
      "organization_name": "ANESTOS, HARRY P.",
      "registration_number": "",
      "foreign_principal_client": null,
      "total_finances_reported": null,
      "money_amount_numeric": 0.0,
      "activities_description": null,
      "contacted_entities": [],
      "page_number": 56,
      "document_name": "910116.pdf"
    }
  ],
  "alphabetical_index": [
    {
      "registrant_name": "Arab Information Center",
      "countries_represented": [],
      "page_number": 6,
      "document_name": "910116.pdf"
    },
    {
      "registrant_name": "The Australian Daily News",
      "countries_represented": [
        "Australia"
      ],
      "page_number": 8,
      "document_name": "910116.pdf"
    },
    {
      "registrant_name": "Policano/Rothholz, Inc.",
      "countries_represented": [
        "Barbados"
      ],
      "page_number": 13,
      "document_name": "910116.pdf"
    },
    {
      "registrant_name": "Henry H. Noyes, d/b/a China Peking Review",
      "countries_represented": [
        "People's Republic of China"
      ],
      "page_number": 14,
      "document_name": "910116.pdf"
    },
    {
      "registrant_name": "China Pictorial",
      "countries_represented": [
        "People's Republic of China"
      ],
      "page_number": 14,
      "document_name": "910116.pdf"
    },
    {
      "registrant_name": "China Reconstructs",
      "countries_represented": [
        "People's Republic of China"
      ],
      "page_number": 14,
      "document_name": "910116.pdf"
    },
    {
      "registrant_name": "Chinese Literature",
      "countries_represented": [
        "People's Republic of China"
      ],
      "page_number": 14,
      "document_name": "910116.pdf"
    },
    {
      "registrant_name": "Hongqi",
      "countries_represented": [
        "People's Republic of China"
      ],
      "page_number": 14,
      "document_name": "910116.pdf"
    },
    {
      "registrant_name": "Renmin Huabao",
      "countries_represented": [
        "People's Republic of China"
      ],
      "page_number": 14,
      "document_name": "910116.pdf"
    },
    {
      "registrant_name": "Renmin Ribao",
      "countries_represented": [
        "People's Republic of China"
      ],
      "page_number": 14,
      "document_name": "910116.pdf"
    },
    {
      "registrant_name": "The Call",
      "countries_represented": [
        "People's Republic of China"
      ],
      "page_number": 14,
      "document_name": "910116.pdf"
    },
    {
      "registrant_name": "Hugh C. Newton & Associates, Inc.",
      "countries_represented": [
        "Republic of China"
      ],
      "page_number": 19,
      "document_name": "910116.pdf"
    },
    {
      "registrant_name": "Chinese Investment and Trade Office",
      "countries_represented": [
        "Republic of China"
      ],
      "page_number": 19,
      "document_name": "910116.pdf"
    },
    {
      "registrant_name": "Roy Duffus Associates, Inc.",
      "countries_represented": [
        "Colombia"
      ],
      "page_number": 20,
      "document_name": "910116.pdf"
    },
    {
      "registrant_name": "Comite France Actuelle",
      "countries_represented": [
        "France"
      ],
      "page_number": 21,
      "document_name": "910116.pdf"
    },
    {
      "registrant_name": "Roy Blumenthal International Associates, Inc.",
      "countries_represented": [
        "Federal Republic of Germany"
      ],
      "page_number": 23,
      "document_name": "910116.pdf"
    },
    {
      "registrant_name": "Paul G. Langfeld",
      "countries_represented": [
        "Federal Republic of Germany"
      ],
      "page_number": 23,
      "document_name": "910116.pdf"
    },
    {
      "registrant_name": "Oram International Corporation",
      "countries_represented": [
        "Ghana"
      ],
      "page_number": 24,
      "document_name": "910116.pdf"
    },
    {
      "registrant_name": "D. Parke Gibson International, Inc.",
      "countries_represented": [
        "Republic of Guyana"
      ],
      "page_number": 28,
      "document_name": "910116.pdf"
    },
    {
      "registrant_name": "Hong Kong Cable",
      "countries_represented": [],
      "page_number": 29,
      "document_name": "910116.pdf"
    },
    {
      "registrant_name": "Hong Kong Toys",
      "countries_represented": [],
      "page_number": 29,
      "document_name": "910116.pdf"
    },
    {
      "registrant_name": "Hong Kong Apparel",
      "countries_represented": [],
      "page_number": 29,
      "document_name": "910116.pdf"
    },
    {
      "registrant_name": "Hong Kong Trade Development Council",
      "countries_represented": [],
      "page_number": 29,
      "document_name": "910116.pdf"
    },
    {
      "registrant_name": "Hong Kong Enterprise",
      "countries_represented": [],
      "page_number": 29,
      "document_name": "910116.pdf"
    },
    {
      "registrant_name": "European Community Information Office",
      "countries_represented": [
        "European Community"
      ],
      "page_number": 30,
      "document_name": "910116.pdf"
    },
    {
      "registrant_name": "EFTA Information Office",
      "countries_represented": [],
      "page_number": 30,
      "document_name": "910116.pdf"
    },
    {
      "registrant_name": "Oliver-Beckman, Inc.",
      "countries_represented": [
        "Northern Ireland"
      ],
      "page_number": 32,
      "document_name": "910116.pdf"
    },
    {
      "registrant_name": "World Zionist Organization - American Section, Inc.",
      "countries_represented": [
        "Israel"
      ],
      "page_number": 33,
      "document_name": "910116.pdf"
    },
    {
      "registrant_name": "Israel Information Services",
      "countries_represented": [
        "Israel"
      ],
      "page_number": 33,
      "document_name": "910116.pdf"
    },
    {
      "registrant_name": "The Israel Digest",
      "countries_represented": [
        "Israel"
      ],
      "page_number": 33,
      "document_name": "910116.pdf"
    },
    {
      "registrant_name": "Jamaica Industrial Development Corporation",
      "countries_represented": [
        "Jamaica"
      ],
      "page_number": 35,
      "document_name": "910116.pdf"
    },
    {
      "registrant_name": "Ruder & Finn, New York",
      "countries_represented": [],
      "page_number": 36,
      "document_name": "910116.pdf"
    },
    {
      "registrant_name": "Ruder & Finn, Texas",
      "countries_represented": [],
      "page_number": 36,
      "document_name": "910116.pdf"
    },
    {
      "registrant_name": "Ruder & Finn, California",
      "countries_represented": [],
      "page_number": 36,
      "document_name": "910116.pdf"
    },
    {
      "registrant_name": "Sydney S. Baron & Company",
      "countries_represented": [],
      "page_number": 36,
      "document_name": "910116.pdf"
    },
    {
      "registrant_name": "Arnold & Palmer & Noble",
      "countries_represented": [],
      "page_number": 36,
      "document_name": "910116.pdf"
    },
    {
      "registrant_name": "Japan Steel Information Center",
      "countries_represented": [],
      "page_number": 36,
      "document_name": "910116.pdf"
    },
    {
      "registrant_name": "AiLeeson International Corp.",
      "countries_represented": [],
      "page_number": 36,
      "document_name": "910116.pdf"
    },
    {
      "registrant_name": "harles Von Loewenfeldt, Inc.",
      "countries_represented": [],
      "page_number": 36,
      "document_name": "910116.pdf"
    },
    {
      "registrant_name": "H. William Tanaka",
      "countries_represented": [],
      "page_number": 36,
      "document_name": "910116.pdf"
    },
    {
      "registrant_name": "Daniels and Houlihan",
      "countries_represented": [],
      "page_number": 36,
      "document_name": "910116.pdf"
    },
    {
      "registrant_name": "Arnold & Palmer & Noble",
      "countries_represented": [
        "Japan"
      ],
      "page_number": 38,
      "document_name": "910116.pdf"
    },
    {
      "registrant_name": "Daniels and Houlihan",
      "countries_represented": [
        "Japan"
      ],
      "page_number": 38,
      "document_name": "910116.pdf"
    },
    {
      "registrant_name": "Japan Steel Information Center",
      "countries_represented": [
        "Japan"
      ],
      "page_number": 38,
      "document_name": "910116.pdf"
    },
    {
      "registrant_name": "Neeson International Corporation",
      "countries_represented": [
        "Japan"
      ],
      "page_number": 38,
      "document_name": "910116.pdf"
    },
    {
      "registrant_name": "Sydney S. Baron and Company",
      "countries_represented": [
        "Japan"
      ],
      "page_number": 38,
      "document_name": "910116.pdf"
    },
    {
      "registrant_name": "H. William Tanaka",
      "countries_represented": [
        "Japan"
      ],
      "page_number": 38,
      "document_name": "910116.pdf"
    },
    {
      "registrant_name": "Ruder & Finn, New York",
      "countries_represented": [
        "Malaysia"
      ],
      "page_number": 39,
      "document_name": "910116.pdf"
    },
    {
      "registrant_name": "Ruder & Finn, New York",
      "countries_represented": [
        "Mexico"
      ],
      "page_number": 40,
      "document_name": "910116.pdf"
    },
    {
      "registrant_name": "Rouss & O'Rourke",
      "countries_represented": [
        "Mexico"
      ],
      "page_number": 40,
      "document_name": "910116.pdf"
    },
    {
      "registrant_name": "Warren Weil Public Relations",
      "countries_represented": [
        "Panama"
      ],
      "page_number": 41,
      "document_name": "910116.pdf"
    },
    {
      "registrant_name": "Casa de Portugal",
      "countries_represented": [
        "Portugal"
      ],
      "page_number": 42,
      "document_name": "910116.pdf"
    },
    {
      "registrant_name": "Downs & Roosevelt, Inc.",
      "countries_represented": [],
      "page_number": 42,
      "document_name": "910116.pdf"
    },
    {
      "registrant_name": "Rhodesian Information Office",
      "countries_represented": [
        "Rhodesia"
      ],
      "page_number": 44,
      "document_name": "910116.pdf"
    },
    {
      "registrant_name": "Rhodesian Commentary",
      "countries_represented": [
        "Rhodesia"
      ],
      "page_number": 44,
      "document_name": "910116.pdf"
    },
    {
      "registrant_name": "Rhodesian Viewpoint",
      "countries_represented": [
        "Rhodesia"
      ],
      "page_number": 44,
      "document_name": "910116.pdf"
    },
    {
      "registrant_name": "Information Service of South Africa",
      "countries_represented": [
        "South Africa"
      ],
      "page_number": 46,
      "document_name": "910116.pdf"
    },
    {
      "registrant_name": "The Swedish Information Service",
      "countries_represented": [
        "Sweden"
      ],
      "page_number": 48,
      "document_name": "910116.pdf"
    },
    {
      "registrant_name": "The Swedish American Chamber of Commerce",
      "countries_represented": [
        "Sweden"
      ],
      "page_number": 48,
      "document_name": "910116.pdf"
    },
    {
      "registrant_name": "News-Tibet",
      "countries_represented": [
        "Tibet"
      ],
      "page_number": 49,
      "document_name": "910116.pdf"
    },
    {
      "registrant_name": "Trinidad and Tobago Industrial Development Corporation",
      "countries_represented": [
        "Trinidad and Tobago"
      ],
      "page_number": 50,
      "document_name": "910116.pdf"
    },
    {
      "registrant_name": "Artkino Pictures , Inc.",
      "countries_represented": [
        "Soviet Union"
      ],
      "page_number": 51,
      "document_name": "910116.pdf"
    },
    {
      "registrant_name": "Eastern News Distributors Incorporated",
      "countries_represented": [
        "Soviet Union"
      ],
      "page_number": 51,
      "document_name": "910116.pdf"
    },
    {
      "registrant_name": "Four Continent Book Corporation",
      "countries_represented": [
        "Soviet Union"
      ],
      "page_number": 51,
      "document_name": "910116.pdf"
    },
    {
      "registrant_name": "Moscow News",
      "countries_represented": [
        "Soviet Union"
      ],
      "page_number": 51,
      "document_name": "910116.pdf"
    },
    {
      "registrant_name": "Sputnik",
      "countries_represented": [
        "Soviet Union"
      ],
      "page_number": 51,
      "document_name": "910116.pdf"
    },
    {
      "registrant_name": "Soviet Film",
      "countries_represented": [
        "Soviet Union"
      ],
      "page_number": 51,
      "document_name": "910116.pdf"
    },
    {
      "registrant_name": "China Books and Periodicals",
      "countries_represented": [
        "Vietnam"
      ],
      "page_number": 53,
      "document_name": "910116.pdf"
    },
    {
      "registrant_name": "Vietnam Courier",
      "countries_represented": [
        "Vietnam"
      ],
      "page_number": 53,
      "document_name": "910116.pdf"
    },
    {
      "registrant_name": "Vietnam Pictorial",
      "countries_represented": [
        "Vietnam"
      ],
      "page_number": 53,
      "document_name": "910116.pdf"
    },
    {
      "registrant_name": "Vietnam Studies",
      "countries_represented": [
        "Vietnam"
      ],
      "page_number": 53,
      "document_name": "910116.pdf"
    },
    {
      "registrant_name": "South Vietnam in Struggle",
      "countries_represented": [
        "Vietnam"
      ],
      "page_number": 53,
      "document_name": "910116.pdf"
    }
  ]
}