{
  "ARGENTINA": [
    {
      "organization_name": "ARGENTINE INSTITUTE OF TRADE PROMOTION",
      "registration_number": "489",
      "foreign_principal_client": "Argentine Institute of Trade Promotion, Buenos Aires, Argentina",
      "total_finances_reported": "None Reported",
      "money_amount_numeric": 0.0,
      "activities_description": "Trade promotion and public relations\nProvides information in U.S. regarding Argentina and promotes reciprocal trade with U.S.",
      "contacted_entities": [],
      "page_number": 79,
      "document_name": "910281.pdf"
    },
    {
      "organization_name": "ARGENTINE TRADE PROMOTION CORPORATION",
      "registration_number": "314",
      "foreign_principal_client": "Corporacion para la Promo-cion del Intercambia, S.A. Argentina",
      "total_finances_reported": "None Reported",
      "money_amount_numeric": 0.0,
      "activities_description": "Sales promotion and publicity",
      "contacted_entities": [],
      "page_number": 79,
      "document_name": "910281.pdf"
    }
  ],
  "POLAND": [
    {
      "organization_name": "BACZYNSKI, Wlodzimierz Jan",
      "registration_number": "324",
      "foreign_principal_client": "Government of Poland\nMinistry of Finance,\nLondon\nBank Gospodaratwa Kra-jowego (National Eco-nomic Bank), London",
      "total_finances_reported": "None Reported",
      "money_amount_numeric": 0.0,
      "activities_description": "Trustee and bank representativ",
      "contacted_entities": [],
      "page_number": 81,
      "document_name": "910281.pdf"
    },
    {
      "organization_name": "BASER, Harold G.",
      "registration_number": "224",
      "foreign_principal_client": "International MercantileMarine Officers Ass'n.,LondonOfficers Federation ofGreat Britain, London",
      "total_finances_reported": "None Reported",
      "money_amount_numeric": 0.0,
      "activities_description": "General manager of New Yorkoffice maintained by foreignprincipals",
      "contacted_entities": [],
      "page_number": 81,
      "document_name": "910281.pdf"
    },
    {
      "organization_name": "BALDWIN AND MERMEY",
      "registration_number": "75",
      "foreign_principal_client": "Th American Chamber ofCommerce of Cuba, Havana",
      "total_finances_reported": "None Reported",
      "money_amount_numeric": 0.0,
      "activities_description": "Preparation and distributionof printed material on behalfof foreign principal",
      "contacted_entities": [],
      "page_number": 81,
      "document_name": "910281.pdf"
    },
    {
      "organization_name": "BANACH, Francis-Louis Edward",
      "registration_number": "57",
      "foreign_principal_client": "Marshal Edward Smigly-Rydz,former commander-in-chiefof Polish Army",
      "total_finances_reported": "None Reported",
      "money_amount_numeric": 0.0,
      "activities_description": "Publicity agent",
      "contacted_entities": [],
      "page_number": 81,
      "document_name": "910281.pdf"
    },
    {
      "organization_name": "BASQUE DELEGATION IN THE U.S.A.",
      "registration_number": "586",
      "foreign_principal_client": "Basque Government-In-Exile,Paris, France",
      "total_finances_reported": "None Reported",
      "money_amount_numeric": 0.0,
      "activities_description": "General public relations andpropaganda activities on be-half of foreign principal",
      "contacted_entities": [],
      "page_number": 81,
      "document_name": "910281.pdf"
    },
    {
      "organization_name": "BAYDALAKDFF, Victor",
      "registration_number": "499",
      "foreign_principal_client": "Nacionalno-Trudovoy Soyuz(NTS),(Russian PopularLaborist Association)Branches of the above organi-zation in various Europeanand South American countries.",
      "total_finances_reported": "None Reported",
      "money_amount_numeric": 0.0,
      "activities_description": "Activities looking toward theoverthrow of Communist regimein U.S.S.R.",
      "contacted_entities": [],
      "page_number": 81,
      "document_name": "910281.pdf"
    },
    {
      "organization_name": "BEGIN, Menachem",
      "registration_number": "551",
      "foreign_principal_client": "Tenuat Haherut, (FreedomParty of Israel)",
      "total_finances_reported": "None Reported",
      "money_amount_numeric": 0.0,
      "activities_description": "Head of Freedom Party of Isra 1on good will mission to U.S.",
      "contacted_entities": [],
      "page_number": 81,
      "document_name": "910281.pdf"
    },
    {
      "organization_name": "BELEFF, Guiontcho",
      "registration_number": "378",
      "foreign_principal_client": "Slav Committee of BulgariaSofia, Bulgaria",
      "total_finances_reported": "None Reported",
      "money_amount_numeric": 0.0,
      "activities_description": "Delegate Third American SlavCongress, New York City,Sept.20-22, 1946",
      "contacted_entities": [],
      "page_number": 81,
      "document_name": "910281.pdf"
    },
    {
      "organization_name": "BELGIAN GOVERNMENT INFORMATIONCENTER",
      "registration_number": "405",
      "foreign_principal_client": "Government of B lgium",
      "total_finances_reported": "None Reported",
      "money_amount_numeric": 0.0,
      "activities_description": "Information service",
      "contacted_entities": [],
      "page_number": 81,
      "document_name": "910281.pdf"
    },
    {
      "organization_name": "GASZYNSKI, Mieczyslaw (Michael)",
      "registration_number": "",
      "foreign_principal_client": "Government of Poland, London Ministry of Information Polish Government Information Center",
      "total_finances_reported": "",
      "money_amount_numeric": 0.0,
      "activities_description": "Information officer in Los Angeles",
      "contacted_entities": [],
      "page_number": 253,
      "document_name": "910281.pdf"
    },
    {
      "organization_name": "GAWLIK, Alexander A.",
      "registration_number": "",
      "foreign_principal_client": "Gov rnment of Poland, Ministry of Finance (London)",
      "total_finances_reported": "",
      "money_amount_numeric": 0.0,
      "activities_description": "Agent and Managing Director of New York Agency of Bank Polska Kassa Opieski, S.A.",
      "contacted_entities": [],
      "page_number": 253,
      "document_name": "910281.pdf"
    }
  ],
  "Canada": [
    {
      "organization_name": "BELLEAU, Wilfrid E.",
      "registration_number": "409",
      "foreign_principal_client": "Tourist Bureau, Province of Quebec, Canada",
      "total_finances_reported": null,
      "money_amount_numeric": 0.0,
      "activities_description": "Lecturing and distribution of tourist literature",
      "contacted_entities": [],
      "page_number": 82,
      "document_name": "910281.pdf"
    },
    {
      "organization_name": "BEN-ZEVIE, Isaac",
      "registration_number": "552",
      "foreign_principal_client": "General Federation of Jewish Labor, Israel",
      "total_finances_reported": null,
      "money_amount_numeric": 0.0,
      "activities_description": "Lecture tour of U.S.",
      "contacted_entities": [],
      "page_number": 82,
      "document_name": "910281.pdf"
    },
    {
      "organization_name": "BERLE, A. A., Jr.",
      "registration_number": "432",
      "foreign_principal_client": "Republic of Haiti",
      "total_finances_reported": null,
      "money_amount_numeric": 0.0,
      "activities_description": "Attorney on financial matters",
      "contacted_entities": [],
      "page_number": 82,
      "document_name": "910281.pdf"
    },
    {
      "organization_name": "BERMUDA TRADE DEVELOPMENT BOARD",
      "registration_number": "430",
      "foreign_principal_client": "The Bermuda trade Development Board, Hamilton, Bermuda",
      "total_finances_reported": null,
      "money_amount_numeric": 0.0,
      "activities_description": "Travel and trade promotion",
      "contacted_entities": [],
      "page_number": 82,
      "document_name": "910281.pdf"
    },
    {
      "organization_name": "BERNARD PREYER COMPANY",
      "registration_number": null,
      "foreign_principal_client": "N. V. Indisch Kantoor Van Koopman and Co., Bandoeng, Java\nBrandon-Mesritz & Co., Batavia, Java\nAgostini & Cia, Ltd., Rio De Janeiro, Brazil",
      "total_finances_reported": null,
      "money_amount_numeric": 0.0,
      "activities_description": "Purchasing agent",
      "contacted_entities": [],
      "page_number": 82,
      "document_name": "910281.pdf"
    },
    {
      "organization_name": "BERNARD RELIN ASSOCIATES",
      "registration_number": "359",
      "foreign_principal_client": "New Union Goldfields, Ltd.\nUnion of South Africa\nLinea Aeropostal Venezolana, Venezuela\nMiguel Aleman, Mexico",
      "total_finances_reported": null,
      "money_amount_numeric": 0.0,
      "activities_description": "General publicity activities",
      "contacted_entities": [],
      "page_number": 82,
      "document_name": "910281.pdf"
    },
    {
      "organization_name": "BERTI, Guiseppe",
      "registration_number": null,
      "foreign_principal_client": "International Garibaldi Alliance, Mexico",
      "total_finances_reported": null,
      "money_amount_numeric": 0.0,
      "activities_description": "Publicity activity for the repatriation of Italian political exiles",
      "contacted_entities": [],
      "page_number": 82,
      "document_name": "910281.pdf"
    },
    {
      "organization_name": "BLACK, Helen (Sovfoto)",
      "registration_number": null,
      "foreign_principal_client": "Pressphoto Agency, Moscow, U.S.S.R.\nPreslit.(Literature and Music Agency), Moscow, U.S.S.R.\nOlga de Wolkonsky, Argentina",
      "total_finances_reported": null,
      "money_amount_numeric": 0.0,
      "activities_description": "General literary and photo agent",
      "contacted_entities": [],
      "page_number": 82,
      "document_name": "910281.pdf"
    },
    {
      "organization_name": "BLUMENFELD, Kurt",
      "registration_number": "30",
      "foreign_principal_client": "Erez Israel (Palestine) Foundation Fund Karen Hayesod Ltd.",
      "total_finances_reported": null,
      "money_amount_numeric": 0.0,
      "activities_description": "Assisting in coordinating activities of foreign principal in U.S. and providing information and material regarding Jewish colonization work in Palestine",
      "contacted_entities": [],
      "page_number": 82,
      "document_name": "910281.pdf"
    }
  ],
  "UNITED KINGDOM": [
    {
      "organization_name": "BRITISH TRAVEL ASSOCIATION",
      "registration_number": "579",
      "foreign_principal_client": "British Travel Association,\nTourist Div. of British\nTourist & Holidays Board,\nLondon, England",
      "total_finances_reported": null,
      "money_amount_numeric": 0.0,
      "activities_description": "Travel promotion",
      "contacted_entities": [],
      "page_number": 84,
      "document_name": "910281.pdf"
    },
    {
      "organization_name": "BROWDER, Earl",
      "registration_number": "374",
      "foreign_principal_client": "The United States Publishing\nHouse of the Council of\nMinisters of the U.S.S.R.\n(OGIZ)\nThe State Art Publishing House\nof the Committee on Art\nAffairs of the Council of\nMinisters of the U.S.S.R.\n(ISKUSSTVO)\nThe Publishing House of the\nCentral Council of Trade\nUnions, Moscow, U.S.S.R.\n(PROFIZDAT)",
      "total_finances_reported": null,
      "money_amount_numeric": 0.0,
      "activities_description": "Representative of foreign\nprincipal in efforts to hav\nbooks by Soviet authors pub-\nlished by American publishing\nhouses",
      "contacted_entities": [],
      "page_number": 84,
      "document_name": "910281.pdf"
    },
    {
      "organization_name": "BRUNS, Franklin Richard, Jr.",
      "registration_number": "527",
      "foreign_principal_client": "Postmaster General of Liberia",
      "total_finances_reported": null,
      "money_amount_numeric": 0.0,
      "activities_description": "Philatelic adviser",
      "contacted_entities": [],
      "page_number": 84,
      "document_name": "910281.pdf"
    },
    {
      "organization_name": "BURLING, Edward B.",
      "registration_number": "333",
      "foreign_principal_client": "Polish Supply and Reconstruc-\ntion Mission in North\nAmerica, Washington, D.C.",
      "total_finances_reported": null,
      "money_amount_numeric": 0.0,
      "activities_description": "Legal services",
      "contacted_entities": [],
      "page_number": 84,
      "document_name": "910281.pdf"
    },
    {
      "organization_name": "BUZESTI, Grigore Niculescu",
      "registration_number": "555",
      "foreign_principal_client": "Council of Rumanian Democra-\ntic Political Parties, Paris\nNational Peasant Party",
      "total_finances_reported": null,
      "money_amount_numeric": 0.0,
      "activities_description": "Political representativ",
      "contacted_entities": [],
      "page_number": 84,
      "document_name": "910281.pdf"
    },
    {
      "organization_name": "CANADIAN INFORMATION SERVICE",
      "registration_number": "160",
      "foreign_principal_client": "See:Information Office,\nCanadian Embassy",
      "total_finances_reported": null,
      "money_amount_numeric": 0.0,
      "activities_description": "Dissemination of general\ntourist publicity",
      "contacted_entities": [],
      "page_number": 84,
      "document_name": "910281.pdf"
    },
    {
      "organization_name": "CANADIAN NATIONAL RAILWAYS",
      "registration_number": null,
      "foreign_principal_client": "Canadian National Railways,\nMontreal, Canada",
      "total_finances_reported": null,
      "money_amount_numeric": 0.0,
      "activities_description": null,
      "contacted_entities": [],
      "page_number": 84,
      "document_name": "910281.pdf"
    },
    {
      "organization_name": "CAPLES COMPANY, THE",
      "registration_number": "105",
      "foreign_principal_client": "National Railways of Mexico\nAssociated British & Irish\nRailways\nMexican Tourist Association\nMexican Government Tourist\nD partment",
      "total_finances_reported": null,
      "money_amount_numeric": 0.0,
      "activities_description": "Travel promotion; trade\nagents",
      "contacted_entities": [],
      "page_number": 84,
      "document_name": "910281.pdf"
    }
  ],
  "Portugal": [
    {
      "organization_name": "CASA DE PORTUGAL",
      "registration_number": "",
      "foreign_principal_client": "Government of Portugal, Ministry of Foreign Affairs, Lisbon",
      "total_finances_reported": "None Reported",
      "money_amount_numeric": 0.0,
      "activities_description": "Dissemination of general information re Portugal, promotion of business, tourist and cultural relations",
      "contacted_entities": [],
      "page_number": 85,
      "document_name": "910281.pdf"
    },
    {
      "organization_name": "CASARES SANCHEZ, Manuel",
      "registration_number": "298",
      "foreign_principal_client": "The newspaper \"Madrid\", Madrid, Spain",
      "total_finances_reported": "None Reported",
      "money_amount_numeric": 0.0,
      "activities_description": "Correspondent",
      "contacted_entities": [],
      "page_number": 85,
      "document_name": "910281.pdf"
    },
    {
      "organization_name": "CASARES SANCHEZ, Manuel",
      "registration_number": "425",
      "foreign_principal_client": "The newspaper \"Madrid\", Madrid, Spain\nAgencia EFE, S.A., Madrid, Spain",
      "total_finances_reported": "None Reported",
      "money_amount_numeric": 0.0,
      "activities_description": "Correspondent",
      "contacted_entities": [],
      "page_number": 85,
      "document_name": "910281.pdf"
    },
    {
      "organization_name": "CATALAN NATIONAL COUNCIL, UNITED STATES DELEGATION",
      "registration_number": "83",
      "foreign_principal_client": "Catalan National Council, London",
      "total_finances_reported": "None Reported",
      "money_amount_numeric": 0.0,
      "activities_description": "Information activities in furtherance of Catalonian national movement",
      "contacted_entities": [],
      "page_number": 85,
      "document_name": "910281.pdf"
    },
    {
      "organization_name": "CECIL & PRESHREY, INC.",
      "registration_number": "249",
      "foreign_principal_client": "Netherland-America Foundation",
      "total_finances_reported": "None Reported",
      "money_amount_numeric": 0.0,
      "activities_description": "Publicity agent",
      "contacted_entities": [],
      "page_number": 85,
      "document_name": "910281.pdf"
    },
    {
      "organization_name": "CENKALSKI, Eugene",
      "registration_number": "384",
      "foreign_principal_client": "Film Polski, Lodz, Poland",
      "total_finances_reported": "None Reported",
      "money_amount_numeric": 0.0,
      "activities_description": "Officer and director of Warsaw Films, Inc.",
      "contacted_entities": [],
      "page_number": 85,
      "document_name": "910281.pdf"
    },
    {
      "organization_name": "Laritx, INC.",
      "registration_number": "598",
      "foreign_principal_client": "Darex Trading Co., Ltd., Prague, Czechoslovakia",
      "total_finances_reported": "None Reported",
      "money_amount_numeric": 0.0,
      "activities_description": "See Registration #376",
      "contacted_entities": [],
      "page_number": 85,
      "document_name": "910281.pdf"
    },
    {
      "organization_name": "CENTRAL NEWS AGENCY OF CHINA, NEW YORK BUREAU",
      "registration_number": "391",
      "foreign_principal_client": "Central News Agency of China, Canton, China",
      "total_finances_reported": "None Reported",
      "money_amount_numeric": 0.0,
      "activities_description": "Government news agency",
      "contacted_entities": [],
      "page_number": 85,
      "document_name": "910281.pdf"
    },
    {
      "organization_name": "CENTRAL NEWS AGENCY OF CHINA, SAN FRANCISCO BUREAU",
      "registration_number": "5146",
      "foreign_principal_client": "Central News Agency of China, Canton, China",
      "total_finances_reported": "None Reported",
      "money_amount_numeric": 0.0,
      "activities_description": "News coverage in 11 western states",
      "contacted_entities": [],
      "page_number": 85,
      "document_name": "910281.pdf"
    },
    {
      "organization_name": "CENTRAL PARCEL SERVICE, INC.",
      "registration_number": "483",
      "foreign_principal_client": "All Union Corp., \"Intourist, Ltd.\", Moscow, USSR",
      "total_finances_reported": "None Reported",
      "money_amount_numeric": 0.0,
      "activities_description": "Parcel forwarding service; purchasing agent",
      "contacted_entities": [],
      "page_number": 85,
      "document_name": "910281.pdf"
    },
    {
      "organization_name": "CHAMBRE DE COMMERCE FRANCAISE DES ETATS-UNIS, INC. [FRENCH CHAMBER OF COMMERCE of the U.S., INC.]",
      "registration_number": "167",
      "foreign_principal_client": "Minist re de ltEconomi Nationale (Ministry of National Economy),Paris",
      "total_finances_reported": "None Reported",
      "money_amount_numeric": 0.0,
      "activities_description": "Gathering and disseminating information to promote business relationships b twe n the U.S. and France",
      "contacted_entities": [],
      "page_number": 85,
      "document_name": "910281.pdf"
    }
  ],
  "ITALY": [
    {
      "organization_name": "CIT TRAVEL SERVICE, INC.",
      "registration_number": "465",
      "foreign_principal_client": "Compagnia Italiana Turismo, S.A.\nItalian State Railways\nCompagnia Italiana Autoservizi Turistici",
      "total_finances_reported": "None Reported",
      "money_amount_numeric": 0.0,
      "activities_description": "Travel promotion; general",
      "contacted_entities": [],
      "page_number": 87,
      "document_name": "910281.pdf"
    },
    {
      "organization_name": "CLARK, Charles Patrick",
      "registration_number": "562",
      "foreign_principal_client": "Spanish Embassy, Division of Cultural Affairs",
      "total_finances_reported": "None Reported",
      "money_amount_numeric": 0.0,
      "activities_description": "General legal service",
      "contacted_entities": [],
      "page_number": 87,
      "document_name": "910281.pdf"
    },
    {
      "organization_name": "CLEARY, GOTTLIEB, FRIENDLY & COX",
      "registration_number": "508",
      "foreign_principal_client": "Government of French Republic",
      "total_finances_reported": "None Reported",
      "money_amount_numeric": 0.0,
      "activities_description": "Legal counsel",
      "contacted_entities": [],
      "page_number": 87,
      "document_name": "910281.pdf"
    },
    {
      "organization_name": "COLLEGE FILM CENTER",
      "registration_number": "304",
      "foreign_principal_client": "Swedish Travel Information Bureau, Inc.",
      "total_finances_reported": "None Reported",
      "money_amount_numeric": 0.0,
      "activities_description": "Film distrubution services",
      "contacted_entities": [],
      "page_number": 87,
      "document_name": "910281.pdf"
    },
    {
      "organization_name": "COMITE CENTRAL DE LA UNION PATRIOTICA DOMINICANA",
      "registration_number": "286",
      "foreign_principal_client": "Comite Local de la Union Patriotica Dominicana in Venezuela",
      "total_finances_reported": "None Reported",
      "money_amount_numeric": 0.0,
      "activities_description": "Activities looking toward the overthrow of the Trujillo regime in the Dominican Republic",
      "contacted_entities": [],
      "page_number": 87,
      "document_name": "910281.pdf"
    },
    {
      "organization_name": "COMITE DEMOCRATICO NICARAGUENSE",
      "registration_number": "312",
      "foreign_principal_client": "Members of the Committee in countries other than U.S.",
      "total_finances_reported": "None Reported",
      "money_amount_numeric": 0.0,
      "activities_description": "Promotion of general welfare of people of Nicaragua",
      "contacted_entities": [],
      "page_number": 87,
      "document_name": "910281.pdf"
    },
    {
      "organization_name": "\"COMITE FRANCE-AMERIQUE\", SAN FRANCISCO",
      "registration_number": "131",
      "foreign_principal_client": "Comite France-Amerique, Paris, France",
      "total_finances_reported": "None Reported",
      "money_amount_numeric": 0.0,
      "activities_description": "Cultural and social activities to promote understandings among people of France, United States, Canada and South America",
      "contacted_entities": [],
      "page_number": 87,
      "document_name": "910281.pdf"
    },
    {
      "organization_name": "COMITE MUNICIPAL SINARQUISTA \"MARIA TERESA BUSTOS\"",
      "registration_number": "184",
      "foreign_principal_client": "Union Nacional Sinarquista, Mexico",
      "total_finances_reported": "None Reported",
      "money_amount_numeric": 0.0,
      "activities_description": "Promotion of Sinarquism",
      "contacted_entities": [],
      "page_number": 87,
      "document_name": "910281.pdf"
    },
    {
      "organization_name": "COMITE REGIONAL SINARQUISTA EN LOS ANGELES",
      "registration_number": "139",
      "foreign_principal_client": "Union Nacional Sinarquista, Mexico",
      "total_finances_reported": "None Reported",
      "money_amount_numeric": 0.0,
      "activities_description": "Promotion of Sinarquism",
      "contacted_entities": [],
      "page_number": 87,
      "document_name": "910281.pdf"
    },
    {
      "organization_name": "COMMITTEE FOR UNITY OF THE NILE VALLEY",
      "registration_number": "467",
      "foreign_principal_client": "Committee for Unity of the Nile Valley, Cairo, Egypt",
      "total_finances_reported": "None Reported",
      "money_amount_numeric": 0.0,
      "activities_description": "Dissemination of information regarding the Nile Valley and Sudan",
      "contacted_entities": [],
      "page_number": 87,
      "document_name": "910281.pdf"
    }
  ],
  "CUBA": [
    {
      "organization_name": "CUBAN CHAMBER OF COMMERCE IN THE UNITED STATES, INC.",
      "registration_number": "287",
      "foreign_principal_client": "Various Cuban business enterprises",
      "total_finances_reported": "None Reported",
      "money_amount_numeric": 0.0,
      "activities_description": "Promotion of trade between Cuba and United States",
      "contacted_entities": [],
      "page_number": 89,
      "document_name": "910281.pdf"
    },
    {
      "organization_name": "CUBAN TOURIST COMMISSION (CORPORACION NACIONAL DEL TURISMO)",
      "registration_number": "390",
      "foreign_principal_client": "Government of Cuba, Cuban Tourist Commission",
      "total_finances_reported": "None Reported",
      "money_amount_numeric": 0.0,
      "activities_description": "Promotion of tourist travel to Cuba",
      "contacted_entities": [],
      "page_number": 89,
      "document_name": "910281.pdf"
    }
  ],
  "FRANCE": [
    {
      "organization_name": "FOX, Matthew M.",
      "registration_number": "554",
      "foreign_principal_client": "Republic of Indonesia",
      "total_finances_reported": "None Reported",
      "money_amount_numeric": 0.0,
      "activities_description": "Public relations adviser; industrial relations",
      "contacted_entities": [],
      "page_number": 95,
      "document_name": "910281.pdf"
    },
    {
      "organization_name": "FRANCE-AMERIQUE CORPORATION",
      "registration_number": "218",
      "foreign_principal_client": "Provisional Government of french Republic",
      "total_finances_reported": "None Reported",
      "money_amount_numeric": 0.0,
      "activities_description": "Published weekly newspaper \"France-Amerique\" under subsidy",
      "contacted_entities": [],
      "page_number": 95,
      "document_name": "910281.pdf"
    },
    {
      "organization_name": "FRANCE FOREVER, INC.",
      "registration_number": "4145",
      "foreign_principal_client": "Government of France\nMinistry of Information",
      "total_finances_reported": "None Reported",
      "money_amount_numeric": 0.0,
      "activities_description": "Public relations",
      "contacted_entities": [],
      "page_number": 95,
      "document_name": "910281.pdf"
    },
    {
      "organization_name": "FRENCH BROADCASTING SYSTEM IN NORTH AMERICA",
      "registration_number": "479",
      "foreign_principal_client": "Radiodiffusion Francaise subsidized by french Government",
      "total_finances_reported": "None Reported",
      "money_amount_numeric": 0.0,
      "activities_description": "Distribution of transcribed radio programs made in Franc ; short-wave broadcasting to France",
      "contacted_entities": [],
      "page_number": 95,
      "document_name": "910281.pdf"
    },
    {
      "organization_name": "FRENCH CHAMBER OF COMMERCE OF THE U.S., INC.",
      "registration_number": "167",
      "foreign_principal_client": "Chambre de Commerce Francais des Etats-Unis, Inc.",
      "total_finances_reported": "None Reported",
      "money_amount_numeric": 0.0,
      "activities_description": "Promotes interests and welfare of Netherlands Merchant Seamen",
      "contacted_entities": [],
      "page_number": 95,
      "document_name": "910281.pdf"
    }
  ],
  "UNITED STATES": [
    {
      "organization_name": "LIND, Lewis Merkt",
      "registration_number": "331",
      "foreign_principal_client": "Senator W. Doss, Commercial Bank of Egypt, Cairo",
      "total_finances_reported": null,
      "money_amount_numeric": 0.0,
      "activities_description": "Technical and commercial adviser on agricultural products and machinery",
      "contacted_entities": [],
      "page_number": 109,
      "document_name": "910281.pdf"
    },
    {
      "organization_name": "LIVINGSTON & SOUTHARD, INC.",
      "registration_number": "247",
      "foreign_principal_client": "Sudan Government Anglo Egyptian Sudan",
      "total_finances_reported": null,
      "money_amount_numeric": 0.0,
      "activities_description": "Purchasing agent",
      "contacted_entities": [],
      "page_number": 109,
      "document_name": "910281.pdf"
    },
    {
      "organization_name": "LIWNICZ, Andrew",
      "registration_number": "383",
      "foreign_principal_client": "Film Polski, Poland",
      "total_finances_reported": null,
      "money_amount_numeric": 0.0,
      "activities_description": "Film distributor",
      "contacted_entities": [],
      "page_number": 109,
      "document_name": "910281.pdf"
    },
    {
      "organization_name": "LOMAS, Chryst",
      "registration_number": "236",
      "foreign_principal_client": "Government of Greece Minister of Information",
      "total_finances_reported": null,
      "money_amount_numeric": 0.0,
      "activities_description": "Publication of \"Homage to Greece\" under subsidy",
      "contacted_entities": [],
      "page_number": 109,
      "document_name": "910281.pdf"
    },
    {
      "organization_name": "LOUNZ, Gregory",
      "registration_number": "593",
      "foreign_principal_client": "La Documentation Francaise-Editions de la Presidence du Conseil (an official French Government agency)",
      "total_finances_reported": null,
      "money_amount_numeric": 0.0,
      "activities_description": "Subscription agent for French Government publications",
      "contacted_entities": [],
      "page_number": 109,
      "document_name": "910281.pdf"
    },
    {
      "organization_name": "LU, David",
      "registration_number": "102",
      "foreign_principal_client": "C ntral News Agency of China",
      "total_finances_reported": null,
      "money_amount_numeric": 0.0,
      "activities_description": "Correspondent and Chief of Washington Bureau",
      "contacted_entities": [],
      "page_number": 109,
      "document_name": "910281.pdf"
    },
    {
      "organization_name": "lAritaitS, Francisco J.",
      "registration_number": "166",
      "foreign_principal_client": "mt News Agency, Madrid, Spain",
      "total_finances_reported": null,
      "money_amount_numeric": 0.0,
      "activities_description": "Correspondent",
      "contacted_entities": [],
      "page_number": 109,
      "document_name": "910281.pdf"
    },
    {
      "organization_name": "LUEHNE, John H., Jr.",
      "registration_number": "33",
      "foreign_principal_client": "Johann Luehne, Sr., Dresden, Germany",
      "total_finances_reported": null,
      "money_amount_numeric": 0.0,
      "activities_description": "Personal representative",
      "contacted_entities": [],
      "page_number": 109,
      "document_name": "910281.pdf"
    },
    {
      "organization_name": "LURIE, Yehudith",
      "registration_number": "553",
      "foreign_principal_client": "General Federation of Jewish Labor in Israel",
      "total_finances_reported": null,
      "money_amount_numeric": 0.0,
      "activities_description": "Lecture tour",
      "contacted_entities": [],
      "page_number": 109,
      "document_name": "910281.pdf"
    },
    {
      "organization_name": "LYNCH, Mary Katherine",
      "registration_number": "356",
      "foreign_principal_client": "Embassy of U.S.S.R.",
      "total_finances_reported": null,
      "money_amount_numeric": 0.0,
      "activities_description": "Technical editorial work on USSR Information Bulletin",
      "contacted_entities": [],
      "page_number": 109,
      "document_name": "910281.pdf"
    },
    {
      "organization_name": "MACEK, Dr. Vladko",
      "registration_number": "496",
      "foreign_principal_client": "Croatian Peasant Party (in Exile), Zagreb, Yugoslavia",
      "total_finances_reported": null,
      "money_amount_numeric": 0.0,
      "activities_description": "President of Croatian Peasant Party and Vice President of International Peasant Union publicity activities",
      "contacted_entities": [],
      "page_number": 109,
      "document_name": "910281.pdf"
    },
    {
      "organization_name": "MAGNES, Judah Leon",
      "registration_number": "528",
      "foreign_principal_client": "Thud Association, Palestine",
      "total_finances_reported": null,
      "money_amount_numeric": 0.0,
      "activities_description": "Advocated and promoted Arab-Jewish cooperation as a solution of the Palestine problem",
      "contacted_entities": [],
      "page_number": 109,
      "document_name": "910281.pdf"
    },
    {
      "organization_name": "MAME, Henry D. Inc.",
      "registration_number": "434",
      "foreign_principal_client": null,
      "total_finances_reported": null,
      "money_amount_numeric": 0.0,
      "activities_description": "See:Henry D. Mahler, Inc.",
      "contacted_entities": [],
      "page_number": 109,
      "document_name": "910281.pdf"
    },
    {
      "organization_name": "UNITED KOREAN COMMITTEE IN AMERICA",
      "registration_number": "450",
      "foreign_principal_client": "Korean Provisional Government, Chungking, China",
      "total_finances_reported": "None Reported",
      "money_amount_numeric": 0.0,
      "activities_description": "Publicity to promote Korean independence and freedom",
      "contacted_entities": [],
      "page_number": 127,
      "document_name": "910281.pdf"
    },
    {
      "organization_name": "UNITED STATES CUBAN SUGAR COUNCIL",
      "registration_number": "347",
      "foreign_principal_client": "Approximately 15 member-companies owning or operating sugar properties in Cuba",
      "total_finances_reported": "None Reported",
      "money_amount_numeric": 0.0,
      "activities_description": "Information, publicity and trade promotion",
      "contacted_entities": [],
      "page_number": 127,
      "document_name": "910281.pdf"
    },
    {
      "organization_name": "UNIVERSAL TRADING CORPORATION",
      "registration_number": "504",
      "foreign_principal_client": "National Government of the Republic of China",
      "total_finances_reported": "None Reported",
      "money_amount_numeric": 0.0,
      "activities_description": "Trade promotion",
      "contacted_entities": [],
      "page_number": 127,
      "document_name": "910281.pdf"
    },
    {
      "organization_name": "URRUELA, Rafael J.",
      "registration_number": "469",
      "foreign_principal_client": "Dr. Victor Roman y Reyes, President of Nicaragua",
      "total_finances_reported": "None Reported",
      "money_amount_numeric": 0.0,
      "activities_description": "Special commercial representative",
      "contacted_entities": [],
      "page_number": 127,
      "document_name": "910281.pdf"
    },
    {
      "organization_name": "USAFFE VETERANS MISSION",
      "registration_number": null,
      "foreign_principal_client": "MAIM Veterans of the Philippines",
      "total_finances_reported": "None Reported",
      "money_amount_numeric": 0.0,
      "activities_description": "Presented case of Philippine U.S. Army Veterans to Congress and U.S. officials in order to secure veteran's benefits",
      "contacted_entities": [
        "Congress",
        "U.S. officials"
      ],
      "page_number": 127,
      "document_name": "910281.pdf"
    },
    {
      "organization_name": "VAN DOLSEN, Fred L.",
      "registration_number": "570",
      "foreign_principal_client": "Federal People's Republic of Yugoslavia",
      "total_finances_reported": "None Reported",
      "money_amount_numeric": 0.0,
      "activities_description": "Rendered assistance in application for loan from Export-Import Bank",
      "contacted_entities": [],
      "page_number": 127,
      "document_name": "910281.pdf"
    },
    {
      "organization_name": "VENEZUELAN CHAMBER OF COMMERCE OF THE UNITED STATES, INC.",
      "registration_number": "36",
      "foreign_principal_client": "Members in Venezuela",
      "total_finances_reported": "None Reported",
      "money_amount_numeric": 0.0,
      "activities_description": "Trade promotion",
      "contacted_entities": [],
      "page_number": 127,
      "document_name": "910281.pdf"
    },
    {
      "organization_name": "VICKERS, Bruce",
      "registration_number": "310",
      "foreign_principal_client": "Gen. J. Salvador S. Sanchez, Mexico",
      "total_finances_reported": "None Reported",
      "money_amount_numeric": 0.0,
      "activities_description": "Personal representative",
      "contacted_entities": [],
      "page_number": 127,
      "document_name": "910281.pdf"
    },
    {
      "organization_name": "VICTOR, Walther",
      "registration_number": "299",
      "foreign_principal_client": "Newspaper \"Escher Tageblatt\", Luxembourg\nNewspaper \"Volksstimme\", Switzerland",
      "total_finances_reported": "None Reported",
      "money_amount_numeric": 0.0,
      "activities_description": "Correspondent",
      "contacted_entities": [],
      "page_number": 127,
      "document_name": "910281.pdf"
    }
  ],
  "CZECHOSLOVAKIA": [
    {
      "organization_name": "Charles Becht",
      "registration_number": "101",
      "foreign_principal_client": null,
      "total_finances_reported": null,
      "money_amount_numeric": 0.0,
      "activities_description": null,
      "contacted_entities": [],
      "page_number": 136,
      "document_name": "910281.pdf"
    },
    {
      "organization_name": "Films of the Nations, Inc.",
      "registration_number": "353",
      "foreign_principal_client": null,
      "total_finances_reported": null,
      "money_amount_numeric": 0.0,
      "activities_description": null,
      "contacted_entities": [],
      "page_number": 136,
      "document_name": "910281.pdf"
    },
    {
      "organization_name": "Centex, Inc.",
      "registration_number": "598",
      "foreign_principal_client": null,
      "total_finances_reported": null,
      "money_amount_numeric": 0.0,
      "activities_description": null,
      "contacted_entities": [],
      "page_number": 136,
      "document_name": "910281.pdf"
    },
    {
      "organization_name": "CORPORACION DE FOMENTO DE LA PRODUCCION",
      "registration_number": "192",
      "foreign_principal_client": "Government of Chile",
      "total_finances_reported": "None Reported",
      "money_amount_numeric": 0.0,
      "activities_description": "Activities to develop and stimulate production in Chile",
      "contacted_entities": [],
      "page_number": 248,
      "document_name": "910281.pdf"
    },
    {
      "organization_name": "COSMOPOLITAN FILMS",
      "registration_number": "156",
      "foreign_principal_client": "British Information Services",
      "total_finances_reported": "None Reported",
      "money_amount_numeric": 0.0,
      "activities_description": "Film distributor",
      "contacted_entities": [],
      "page_number": 248,
      "document_name": "910281.pdf"
    },
    {
      "organization_name": "CRiihNION TRADING CORPORATION",
      "registration_number": "121",
      "foreign_principal_client": "Government of China",
      "total_finances_reported": "None Reported",
      "money_amount_numeric": 0.0,
      "activities_description": "Purchasing agent",
      "contacted_entities": [],
      "page_number": 248,
      "document_name": "910281.pdf"
    },
    {
      "organization_name": "CUMMINGS & STANLEY",
      "registration_number": "259",
      "foreign_principal_client": "Dominican Republic",
      "total_finances_reported": "None Reported",
      "money_amount_numeric": 0.0,
      "activities_description": "Legal services",
      "contacted_entities": [],
      "page_number": 248,
      "document_name": "910281.pdf"
    },
    {
      "organization_name": "CZECH AMERICAN NATIONAL ALLIANCE",
      "registration_number": "240",
      "foreign_principal_client": "Czechoslovak Government in Exile, London",
      "total_finances_reported": "None Reported",
      "money_amount_numeric": 0.0,
      "activities_description": "Publicity and fund raising",
      "contacted_entities": [],
      "page_number": 248,
      "document_name": "910281.pdf"
    },
    {
      "organization_name": "CZECHOMMUCIELEGATION TO INTERNATIONAL LABOR CONFERENCE",
      "registration_number": "185",
      "foreign_principal_client": "Government of Czechoslovakia, Czechoslovak Embassy",
      "total_finances_reported": "None Reported",
      "money_amount_numeric": 0.0,
      "activities_description": "Representatives to International Labor Conference",
      "contacted_entities": [],
      "page_number": 248,
      "document_name": "910281.pdf"
    },
    {
      "organization_name": "CZECHOSLOVAK ECONOMIC COUNCIL, INC.",
      "registration_number": "68",
      "foreign_principal_client": "Czechoslovak Government in Exile, London",
      "total_finances_reported": "None Reported",
      "money_amount_numeric": 0.0,
      "activities_description": "Economic surveys; information and lecture service; issues Bull tin; fund raising",
      "contacted_entities": [],
      "page_number": 248,
      "document_name": "910281.pdf"
    },
    {
      "organization_name": "CZECHOSLOVAK ECONOMIC SERVICE IN U.S.A.",
      "registration_number": "161",
      "foreign_principal_client": "Czechoslovak Government, London\nMinistry of Foreign Affairs\nCzechoslovak Government, Prague",
      "total_finances_reported": "None Reported",
      "money_amount_numeric": 0.0,
      "activities_description": "Reported economic data to Government",
      "contacted_entities": [],
      "page_number": 248,
      "document_name": "910281.pdf"
    },
    {
      "organization_name": "CZECHOSLOVAK GOVERNMENT INFORMATION SERVICE",
      "registration_number": "62",
      "foreign_principal_client": "Czechoslovak Government,London\nMinistry of Foreign Affairs\nCzechoslovak Government",
      "total_finances_reported": "None Reported",
      "money_amount_numeric": 0.0,
      "activities_description": "Official government information office",
      "contacted_entities": [],
      "page_number": 248,
      "document_name": "910281.pdf"
    },
    {
      "organization_name": "CZECHOSLOVAK NATIONAL COUNCIL OF AMERICA",
      "registration_number": "67",
      "foreign_principal_client": "Cz choslovak Government,London\nCz choslovakian Embassy\nCzechoslovak Government,Prague",
      "total_finances_reported": "None Reported",
      "money_amount_numeric": 0.0,
      "activities_description": "Political and publicity activities",
      "contacted_entities": [],
      "page_number": 248,
      "document_name": "910281.pdf"
    }
  ],
  "DENMARK": [
    {
      "organization_name": "Wendell P. Colton Co.",
      "registration_number": "78",
      "foreign_principal_client": null,
      "total_finances_reported": null,
      "money_amount_numeric": 0.0,
      "activities_description": null,
      "contacted_entities": [],
      "page_number": 136,
      "document_name": "910281.pdf"
    },
    {
      "organization_name": "Films of the Nations, Inc.",
      "registration_number": "353",
      "foreign_principal_client": null,
      "total_finances_reported": null,
      "money_amount_numeric": 0.0,
      "activities_description": null,
      "contacted_entities": [],
      "page_number": 136,
      "document_name": "910281.pdf"
    },
    {
      "organization_name": "Danish Information Office",
      "registration_number": "470",
      "foreign_principal_client": null,
      "total_finances_reported": null,
      "money_amount_numeric": 0.0,
      "activities_description": null,
      "contacted_entities": [],
      "page_number": 136,
      "document_name": "910281.pdf"
    },
    {
      "organization_name": "Covington, Burling, Rublee, O'Brian & Shorb",
      "registration_number": "523",
      "foreign_principal_client": null,
      "total_finances_reported": null,
      "money_amount_numeric": 0.0,
      "activities_description": null,
      "contacted_entities": [],
      "page_number": 136,
      "document_name": "910281.pdf"
    },
    {
      "organization_name": "The Danish Society",
      "registration_number": "578",
      "foreign_principal_client": null,
      "total_finances_reported": null,
      "money_amount_numeric": 0.0,
      "activities_description": null,
      "contacted_entities": [],
      "page_number": 136,
      "document_name": "910281.pdf"
    }
  ],
  "DOMINICAN REPUBLIC": [
    {
      "organization_name": "The Dominican Chamber of Commerce in the United States, Inc.",
      "registration_number": "197",
      "foreign_principal_client": null,
      "total_finances_reported": null,
      "money_amount_numeric": 0.0,
      "activities_description": null,
      "contacted_entities": [],
      "page_number": 136,
      "document_name": "910281.pdf"
    },
    {
      "organization_name": "Charles W. Hoyt Company, Inc.",
      "registration_number": "361",
      "foreign_principal_client": null,
      "total_finances_reported": null,
      "money_amount_numeric": 0.0,
      "activities_description": null,
      "contacted_entities": [],
      "page_number": 136,
      "document_name": "910281.pdf"
    },
    {
      "organization_name": "Pan-American Coffee Bureau",
      "registration_number": "106",
      "foreign_principal_client": null,
      "total_finances_reported": null,
      "money_amount_numeric": 0.0,
      "activities_description": null,
      "contacted_entities": [],
      "page_number": 136,
      "document_name": "910281.pdf"
    }
  ],
  "HAITI": [
    {
      "organization_name": "Pan-American Coffee Bureau",
      "registration_number": "436",
      "foreign_principal_client": "",
      "total_finances_reported": "",
      "money_amount_numeric": 0.0,
      "activities_description": "",
      "contacted_entities": [],
      "page_number": 141,
      "document_name": "910281.pdf"
    },
    {
      "organization_name": "Hamilton Wright Organization, Inc.",
      "registration_number": "428",
      "foreign_principal_client": "",
      "total_finances_reported": "",
      "money_amount_numeric": 0.0,
      "activities_description": "",
      "contacted_entities": [],
      "page_number": 141,
      "document_name": "910281.pdf"
    },
    {
      "organization_name": "A. A. Berle, Jr.",
      "registration_number": "432",
      "foreign_principal_client": "",
      "total_finances_reported": "",
      "money_amount_numeric": 0.0,
      "activities_description": "",
      "contacted_entities": [],
      "page_number": 141,
      "document_name": "910281.pdf"
    },
    {
      "organization_name": "Raymond Pace Alexander",
      "registration_number": "462",
      "foreign_principal_client": "",
      "total_finances_reported": "",
      "money_amount_numeric": 0.0,
      "activities_description": "",
      "contacted_entities": [],
      "page_number": 141,
      "document_name": "910281.pdf"
    },
    {
      "organization_name": "Haitian News Center",
      "registration_number": "516",
      "foreign_principal_client": "",
      "total_finances_reported": "",
      "money_amount_numeric": 0.0,
      "activities_description": "",
      "contacted_entities": [],
      "page_number": 141,
      "document_name": "910281.pdf"
    },
    {
      "organization_name": "Melvin D. Hildreth",
      "registration_number": "576",
      "foreign_principal_client": "",
      "total_finances_reported": "",
      "money_amount_numeric": 0.0,
      "activities_description": "",
      "contacted_entities": [],
      "page_number": 141,
      "document_name": "910281.pdf"
    }
  ],
  "GUATEMALA": [
    {
      "organization_name": "Pan-American Coffee Bureau",
      "registration_number": "1406",
      "foreign_principal_client": "",
      "total_finances_reported": "",
      "money_amount_numeric": 0.0,
      "activities_description": "",
      "contacted_entities": [],
      "page_number": 141,
      "document_name": "910281.pdf"
    }
  ],
  "HONDURAS": [],
  "HUNGARY": [
    {
      "organization_name": "Albert Goerl",
      "registration_number": "601",
      "foreign_principal_client": "",
      "total_finances_reported": "",
      "money_amount_numeric": 0.0,
      "activities_description": "",
      "contacted_entities": [],
      "page_number": 141,
      "document_name": "910281.pdf"
    },
    {
      "organization_name": "Laszlo Agh",
      "registration_number": "",
      "foreign_principal_client": "",
      "total_finances_reported": "",
      "money_amount_numeric": 0.0,
      "activities_description": "",
      "contacted_entities": [],
      "page_number": 141,
      "document_name": "910281.pdf"
    },
    {
      "organization_name": "Earl E. Jensen",
      "registration_number": "533",
      "foreign_principal_client": "",
      "total_finances_reported": "",
      "money_amount_numeric": 0.0,
      "activities_description": "",
      "contacted_entities": [],
      "page_number": 141,
      "document_name": "910281.pdf"
    },
    {
      "organization_name": "Clyde Eagleton",
      "registration_number": "",
      "foreign_principal_client": "",
      "total_finances_reported": "",
      "money_amount_numeric": 0.0,
      "activities_description": "",
      "contacted_entities": [],
      "page_number": 141,
      "document_name": "910281.pdf"
    }
  ],
  "IRAN": [
    {
      "organization_name": "Iranian Information Service",
      "registration_number": "366",
      "foreign_principal_client": null,
      "total_finances_reported": null,
      "money_amount_numeric": 0.0,
      "activities_description": null,
      "contacted_entities": [],
      "page_number": 143,
      "document_name": "910281.pdf"
    },
    {
      "organization_name": "Covington, Burling, Rublee O'Brian & Shorb",
      "registration_number": "523",
      "foreign_principal_client": null,
      "total_finances_reported": null,
      "money_amount_numeric": 0.0,
      "activities_description": null,
      "contacted_entities": [],
      "page_number": 143,
      "document_name": "910281.pdf"
    }
  ],
  "United Kingdom": [
    {
      "organization_name": "BODENSKI, Leslaw",
      "registration_number": "226",
      "foreign_principal_client": "Government of Poland, London\nOffice of the Polish Representative with the Combined\nChi fs of Staff (Washington, D.C.)\nPolish Government Information Center\nPolish Consulate General, New York, N.Y.",
      "total_finances_reported": null,
      "money_amount_numeric": 0.0,
      "activities_description": "Press analyst; research and\ninformational activities",
      "contacted_entities": [],
      "page_number": 245,
      "document_name": "910281.pdf"
    },
    {
      "organization_name": "BOSCH, Ralph",
      "registration_number": "53",
      "foreign_principal_client": "Republic of Chile, Consulate\nGen ral at New York City",
      "total_finances_reported": null,
      "money_amount_numeric": 0.0,
      "activities_description": "Legal services",
      "contacted_entities": [],
      "page_number": 245,
      "document_name": "910281.pdf"
    },
    {
      "organization_name": "BRASIL, Roberto P. de Sousa",
      "registration_number": "32",
      "foreign_principal_client": "Government of Brazil, Depart-\nment of Press and Propaganda",
      "total_finances_reported": null,
      "money_amount_numeric": 0.0,
      "activities_description": "Trade and travel information\nservice",
      "contacted_entities": [],
      "page_number": 245,
      "document_name": "910281.pdf"
    },
    {
      "organization_name": "BRAZILIAN GOVERNMENT TRADE BUREAU",
      "registration_number": null,
      "foreign_principal_client": "The Brazilian Government,\nMinistry of Labor, Industry\nand Commerce",
      "total_finances_reported": null,
      "money_amount_numeric": 0.0,
      "activities_description": "U.S. representative of BBC",
      "contacted_entities": [],
      "page_number": 245,
      "document_name": "910281.pdf"
    },
    {
      "organization_name": "BRITISH BROADCASTING CORPORATION, THE",
      "registration_number": "113",
      "foreign_principal_client": "British Government, British\nBroadcasting Corporation",
      "total_finances_reported": null,
      "money_amount_numeric": 0.0,
      "activities_description": "Special adviser on radio\nbroadcasting",
      "contacted_entities": [],
      "page_number": 245,
      "document_name": "910281.pdf"
    },
    {
      "organization_name": "BRITISH INFORMATION LIAISON OFFICE WITH THE UNITED NATIONS",
      "registration_number": "182",
      "foreign_principal_client": "British Government, Ministry\nof Information",
      "total_finances_reported": null,
      "money_amount_numeric": 0.0,
      "activities_description": "Liaison agent between British\nInformation Services and British\nOverseas Press Service and United\nNations Information Office and\nbetween those British Services and\nthe Information Offices of members\nof the United Nations in the U.S.",
      "contacted_entities": [],
      "page_number": 245,
      "document_name": "910281.pdf"
    },
    {
      "organization_name": "BRITISH INFORMATION SERVICES",
      "registration_number": "112",
      "foreign_principal_client": "British Government",
      "total_finances_reported": null,
      "money_amount_numeric": 0.0,
      "activities_description": "Official government information\noffice",
      "contacted_entities": [],
      "page_number": 245,
      "document_name": "910281.pdf"
    },
    {
      "organization_name": "BRITISH OVERSEAS AIRWAYS CORPORATION",
      "registration_number": "154",
      "foreign_principal_client": "Kingdom of Great Britain and\nNorth rn Ireland\nBritish W st Indian Airways, Ltd.",
      "total_finances_reported": null,
      "money_amount_numeric": 0.0,
      "activities_description": "Operation of non-commercial air\ntransport between Baltimore, Md.\nand the United Kingdom; purchasing\nagent",
      "contacted_entities": [],
      "page_number": 245,
      "document_name": "910281.pdf"
    },
    {
      "organization_name": "BRITISH OVERSEAS PRESS SERVICE",
      "registration_number": "114",
      "foreign_principal_client": "British Gov rnment, Ministry\nof Information",
      "total_finances_reported": null,
      "money_amount_numeric": 0.0,
      "activities_description": "Publicity for British Missions abrOad; \npurchasing agent",
      "contacted_entities": [],
      "page_number": 245,
      "document_name": "910281.pdf"
    }
  ],
  "British Government": [
    {
      "organization_name": "BRITISH SECURITY COORDINATION",
      "registration_number": "",
      "foreign_principal_client": "British Government",
      "total_finances_reported": "None Reported",
      "money_amount_numeric": 0.0,
      "activities_description": "Liaison agent with U.S. Government departments and agencies",
      "contacted_entities": [
        "U.S. Government departments and agencies"
      ],
      "page_number": 246,
      "document_name": "910281.pdf"
    },
    {
      "organization_name": "BRITISH COUNCIL IN NORTH AMERICA, OFFICE OF INFORMATION",
      "registration_number": "",
      "foreign_principal_client": "British Government, British Supply Council in North America",
      "total_finances_reported": "None Reported",
      "money_amount_numeric": 0.0,
      "activities_description": "Informational liaison with United States Government Departments and organs of public opinion within the United States",
      "contacted_entities": [
        "United States Government Departments",
        "organs of public opinion"
      ],
      "page_number": 246,
      "document_name": "910281.pdf"
    },
    {
      "organization_name": "BRITISH VOLUNTEER MOVEMENTS OFFICE",
      "registration_number": "",
      "foreign_principal_client": "British Government",
      "total_finances_reported": "None Reported",
      "money_amount_numeric": 0.0,
      "activities_description": "Disseminated information to promote enrollment in the British armed forces and civilian services by British subjects in the U.S.",
      "contacted_entities": [
        "British subjects in the U.S."
      ],
      "page_number": 246,
      "document_name": "910281.pdf"
    },
    {
      "organization_name": "Calhoun Company",
      "registration_number": "",
      "foreign_principal_client": "British Government, British Information Services",
      "total_finances_reported": "None Reported",
      "money_amount_numeric": 0.0,
      "activities_description": "Film distributor",
      "contacted_entities": [],
      "page_number": 246,
      "document_name": "910281.pdf"
    },
    {
      "organization_name": "CANADIAN WARTIME INFORMATION BOARD (Succeeded by Canadian Information Service)",
      "registration_number": "",
      "foreign_principal_client": "Wartime Information Board, Canada",
      "total_finances_reported": "None Reported",
      "money_amount_numeric": 0.0,
      "activities_description": "Official government information office",
      "contacted_entities": [],
      "page_number": 246,
      "document_name": "910281.pdf"
    }
  ],
  "Denmark": [
    {
      "organization_name": "DANISH INFORMATION OFFICE",
      "registration_number": "",
      "foreign_principal_client": "Government of Denmark, Danish Foreign Office",
      "total_finances_reported": "",
      "money_amount_numeric": 0.0,
      "activities_description": "Official government information office",
      "contacted_entities": [],
      "page_number": 249,
      "document_name": "910281.pdf"
    },
    {
      "organization_name": "DAVIES, William W.",
      "registration_number": "",
      "foreign_principal_client": "Government of Argentina, Department of Finance and Treasury",
      "total_finances_reported": "",
      "money_amount_numeric": 0.0,
      "activities_description": "Distributed financial, economic and commercial (news) information",
      "contacted_entities": [],
      "page_number": 249,
      "document_name": "910281.pdf"
    },
    {
      "organization_name": "DAVILA, Carlos",
      "registration_number": "",
      "foreign_principal_client": "Government of Chile",
      "total_finances_reported": "",
      "money_amount_numeric": 0.0,
      "activities_description": "Economic adviser; lecturer; Chilean representative to UNRRA; member of Economic and Social Council of United Nations",
      "contacted_entities": [],
      "page_number": 249,
      "document_name": "910281.pdf"
    },
    {
      "organization_name": "DAVIS,POLK&WARDWELL,SUNDERLAND & KIENDL",
      "registration_number": "",
      "foreign_principal_client": "Commonwealth of Australia, Department of Trade & Customs",
      "total_finances_reported": "",
      "money_amount_numeric": 0.0,
      "activities_description": "Legal services",
      "contacted_entities": [],
      "page_number": 249,
      "document_name": "910281.pdf"
    },
    {
      "organization_name": "DAVIS, POLE, WARIWELL, SUMMAND & ICIENDL",
      "registration_number": "",
      "foreign_principal_client": "Government of Canada",
      "total_finances_reported": "",
      "money_amount_numeric": 0.0,
      "activities_description": "Legal services",
      "contacted_entities": [],
      "page_number": 249,
      "document_name": "910281.pdf"
    },
    {
      "organization_name": "DAMS, POLE, WARDWELL, SUNDERLAND & acm",
      "registration_number": "",
      "foreign_principal_client": "Government of United Kingdom of Great Britain and Northern Ireland",
      "total_finances_reported": "",
      "money_amount_numeric": 0.0,
      "activities_description": "Legal services",
      "contacted_entities": [],
      "page_number": 249,
      "document_name": "910281.pdf"
    },
    {
      "organization_name": "DAVIS, POLE, WARDWELL, SUNDERLAND & KIENDL",
      "registration_number": "",
      "foreign_principal_client": "Kingdom of Denmark",
      "total_finances_reported": "",
      "money_amount_numeric": 0.0,
      "activities_description": "Legal services",
      "contacted_entities": [],
      "page_number": 249,
      "document_name": "910281.pdf"
    },
    {
      "organization_name": "DE ROOT, Edouard F.",
      "registration_number": "",
      "foreign_principal_client": "Government of Belgium, London Ministry of Foreign Affairs Ministry of Information",
      "total_finances_reported": "",
      "money_amount_numeric": 0.0,
      "activities_description": "Assistant to Director, Belgian Office for Latin-America",
      "contacted_entities": [],
      "page_number": 249,
      "document_name": "910281.pdf"
    },
    {
      "organization_name": "DIAMANT-BERGER, Henri S.",
      "registration_number": "",
      "foreign_principal_client": "Delegation of the 'tench National Committee in the U.S.",
      "total_finances_reported": "",
      "money_amount_numeric": 0.0,
      "activities_description": "Adviser to film producers and studios",
      "contacted_entities": [],
      "page_number": 249,
      "document_name": "910281.pdf"
    },
    {
      "organization_name": "DORSEY, LeRoy H.",
      "registration_number": "",
      "foreign_principal_client": "Government of Mezico Ministry f Interior, Tourist Department",
      "total_finances_reported": "",
      "money_amount_numeric": 0.0,
      "activities_description": "Honorary representative",
      "contacted_entities": [],
      "page_number": 249,
      "document_name": "910281.pdf"
    }
  ],
  "Poland": [
    {
      "organization_name": "KOSKI, Jan",
      "registration_number": "229",
      "foreign_principal_client": "Polish Government, London\nMinistry of Interior\nPolish Embassy\nPolish Government Information\nCenter, New York",
      "total_finances_reported": "",
      "money_amount_numeric": 0.0,
      "activities_description": "Publicity activities; author;\nlecturer",
      "contacted_entities": [],
      "page_number": 257,
      "document_name": "910281.pdf"
    },
    {
      "organization_name": "KIRKHAM, Francis Robison",
      "registration_number": "102",
      "foreign_principal_client": "British Consulate General,\nSan Francisco",
      "total_finances_reported": "",
      "money_amount_numeric": 0.0,
      "activities_description": "Legal services",
      "contacted_entities": [],
      "page_number": 257,
      "document_name": "910281.pdf"
    },
    {
      "organization_name": "KNOP, Edward F.",
      "registration_number": "156",
      "foreign_principal_client": "British Government, British\nInformation Services",
      "total_finances_reported": "",
      "money_amount_numeric": 0.0,
      "activities_description": "See: Cosmopolitan Films",
      "contacted_entities": [],
      "page_number": 257,
      "document_name": "910281.pdf"
    },
    {
      "organization_name": "KUNZ, Carl J. (Kunz Motion Picture\nS rvic )",
      "registration_number": "149",
      "foreign_principal_client": "British Government, British\nInformation Services",
      "total_finances_reported": "",
      "money_amount_numeric": 0.0,
      "activities_description": "Film distributor",
      "contacted_entities": [],
      "page_number": 257,
      "document_name": "910281.pdf"
    },
    {
      "organization_name": "LA CHANCE, Thomas (College Film\nCnt r)",
      "registration_number": "177",
      "foreign_principal_client": "British Government, British\nInformation Services",
      "total_finances_reported": "",
      "money_amount_numeric": 0.0,
      "activities_description": "Film distributor",
      "contacted_entities": [],
      "page_number": 257,
      "document_name": "910281.pdf"
    },
    {
      "organization_name": "LANDHEER, Bartholomew",
      "registration_number": "203",
      "foreign_principal_client": "Netherlands Government\nNetherlands Information Bureau",
      "total_finances_reported": "",
      "money_amount_numeric": 0.0,
      "activities_description": "Writer; head of Research\nDepartment; lecturer",
      "contacted_entities": [],
      "page_number": 257,
      "document_name": "910281.pdf"
    },
    {
      "organization_name": "LA REPUBLIQUE FRANCAISE",
      "registration_number": "207",
      "foreign_principal_client": "See: Franco American Publications , Inc.",
      "total_finances_reported": "",
      "money_amount_numeric": 0.0,
      "activities_description": "See: Franco American Publications , Inc.",
      "contacted_entities": [],
      "page_number": 257,
      "document_name": "910281.pdf"
    },
    {
      "organization_name": "LATHROP, CRANE, SAWYER, WOODSON &\nRIGATmg",
      "registration_number": "136",
      "foreign_principal_client": "British Government, British Consul,\nKansas City, Mo.",
      "total_finances_reported": "",
      "money_amount_numeric": 0.0,
      "activities_description": "Legal services",
      "contacted_entities": [],
      "page_number": 257,
      "document_name": "910281.pdf"
    },
    {
      "organization_name": "LAYLIN, John G.",
      "registration_number": "16",
      "foreign_principal_client": "The R public of Colombia\nColombian Ambassador\nAgricultural Mortgage Bank of\nBogota, Colombia",
      "total_finances_reported": "",
      "money_amount_numeric": 0.0,
      "activities_description": "Legal services",
      "contacted_entities": [],
      "page_number": 257,
      "document_name": "910281.pdf"
    },
    {
      "organization_name": "LAYLIN, John G.",
      "registration_number": "14.7",
      "foreign_principal_client": "Gov rnment of Czechoslovakia,\nCzechoslovak Ambassador to\nthe Unit d Stat s",
      "total_finances_reported": "",
      "money_amount_numeric": 0.0,
      "activities_description": "Legal services",
      "contacted_entities": [],
      "page_number": 257,
      "document_name": "910281.pdf"
    }
  ],
  "Country or location": [
    {
      "organization_name": "LAYLIN, John G.",
      "registration_number": "212",
      "foreign_principal_client": "Government of El Salvador, Economic Commission",
      "total_finances_reported": null,
      "money_amount_numeric": 0.0,
      "activities_description": null,
      "contacted_entities": [],
      "page_number": 258,
      "document_name": "910281.pdf"
    },
    {
      "organization_name": "LAYLIN, John G.",
      "registration_number": "222",
      "foreign_principal_client": "Government of Peru Peruvian Ambassador",
      "total_finances_reported": null,
      "money_amount_numeric": 0.0,
      "activities_description": null,
      "contacted_entities": [],
      "page_number": 258,
      "document_name": "910281.pdf"
    },
    {
      "organization_name": "LAYLIN, John G. and Burling Edward B.",
      "registration_number": "234",
      "foreign_principal_client": "Kingdom of Denmark, The Minister of the Kingdom of Denmark to the U.S.",
      "total_finances_reported": null,
      "money_amount_numeric": 0.0,
      "activities_description": null,
      "contacted_entities": [],
      "page_number": 258,
      "document_name": "910281.pdf"
    },
    {
      "organization_name": "LEAF, Earl H.",
      "registration_number": "9",
      "foreign_principal_client": "Republic of China Board of Information",
      "total_finances_reported": null,
      "money_amount_numeric": 0.0,
      "activities_description": null,
      "contacted_entities": [],
      "page_number": 258,
      "document_name": "910281.pdf"
    },
    {
      "organization_name": "LEGG, Francis Stuart",
      "registration_number": "46",
      "foreign_principal_client": "Government of Canada National Film Board",
      "total_finances_reported": null,
      "money_amount_numeric": 0.0,
      "activities_description": null,
      "contacted_entities": [],
      "page_number": 258,
      "document_name": "910281.pdf"
    },
    {
      "organization_name": "LENIHAN, James J.",
      "registration_number": "202",
      "foreign_principal_client": "Royal Netherlands Government",
      "total_finances_reported": null,
      "money_amount_numeric": 0.0,
      "activities_description": null,
      "contacted_entities": [],
      "page_number": 258,
      "document_name": "910281.pdf"
    },
    {
      "organization_name": "LENIHAN, James J.",
      "registration_number": "12",
      "foreign_principal_client": "Government of Norway Royal Norwegian Embassy",
      "total_finances_reported": null,
      "money_amount_numeric": 0.0,
      "activities_description": null,
      "contacted_entities": [],
      "page_number": 258,
      "document_name": "910281.pdf"
    },
    {
      "organization_name": "LESSA, Origenes",
      "registration_number": "3",
      "foreign_principal_client": "Government of Brazil Department of Press and Propaganda",
      "total_finances_reported": null,
      "money_amount_numeric": 0.0,
      "activities_description": null,
      "contacted_entities": [],
      "page_number": 258,
      "document_name": "910281.pdf"
    },
    {
      "organization_name": "LIND, Clarence S.",
      "registration_number": "123",
      "foreign_principal_client": "Consul of Norway, Seattle Vice-Consul of Sweden, Seattle",
      "total_finances_reported": null,
      "money_amount_numeric": 0.0,
      "activities_description": null,
      "contacted_entities": [],
      "page_number": 258,
      "document_name": "910281.pdf"
    },
    {
      "organization_name": "LOAN, Lt. Col. Douglas Edward",
      "registration_number": "244",
      "foreign_principal_client": "Government of Australia Australian Military Mission",
      "total_finances_reported": null,
      "money_amount_numeric": 0.0,
      "activities_description": null,
      "contacted_entities": [],
      "page_number": 258,
      "document_name": "910281.pdf"
    },
    {
      "organization_name": "LOCKWOOD, Edward H.",
      "registration_number": "125",
      "foreign_principal_client": "British Consul General at the Port of New York",
      "total_finances_reported": null,
      "money_amount_numeric": 0.0,
      "activities_description": null,
      "contacted_entities": [],
      "page_number": 258,
      "document_name": "910281.pdf"
    },
    {
      "organization_name": "LOUIS BERKMAN COMPANY, THE",
      "registration_number": "169",
      "foreign_principal_client": "British Government British Ministry of Supply Mission",
      "total_finances_reported": null,
      "money_amount_numeric": 0.0,
      "activities_description": null,
      "contacted_entities": [],
      "page_number": 258,
      "document_name": "910281.pdf"
    }
  ]
}