{
  "Australia": [],
  "British Guiana": [
    {
      "organization_name": "British Guiana Public Relations and Information Office",
      "registration_number": "",
      "foreign_principal_client": "Cheddi Jagan Government of Guiana",
      "total_finances_reported": "None Reported",
      "money_amount_numeric": 0.0,
      "activities_description": "Prior to the election in December 1964, the Cheddi Jagan Government of Guiana distributed material in the United States through the British Guiana Public Relations and Information Office in New York. Its principal publication was News from British Guiana, an intermittent news release (150).",
      "contacted_entities": [],
      "page_number": 11,
      "document_name": "910201.pdf"
    }
  ],
  "China": [],
  "China (Republic of)": [],
  "Ghana": [
    {
      "organization_name": "Ghana Information Services",
      "registration_number": "",
      "foreign_principal_client": "Ghana",
      "total_finances_reported": "None Reported",
      "money_amount_numeric": 0.0,
      "activities_description": "The Ghana Information Services, New York, distributed\nthe following publications: Gh ana Today, a weekly news pamphlet\n(1,900); and Ghana Reconstructs, a bimonthly pictorial magazine. Two recurring topics were anticolonialism and",
      "contacted_entities": [],
      "page_number": 19,
      "document_name": "910201.pdf"
    }
  ],
  "Great Britain": [
    {
      "organization_name": "British Information Services, New York",
      "registration_number": "",
      "foreign_principal_client": "Great Britain",
      "total_finances_reported": "None Reported",
      "money_amount_numeric": 0.0,
      "activities_description": "The British Information Services, New York continued to\nbe the prime source of material relating to Great Britain distributed\nin the United States. Its principal publications were Today's British \nPapers, a daily sheet (700); British Weeklies, a weekly news sheet\n(600); and information sheets, pamphlets and other publications.\nToday's British Papers and British Weeklies are composed\nof reprints of articles and wide quotations on current affairs from\na range of British newspapers. In the information sheets, pamphlets\nand other publications, the greatest number of articles featured the\neconomic and political progress and problems of the Commonwealth\ncountries. Britain's aid and multilateral cooperation among the\nmembers of the Commonwealth in the fields of trade, education, health\nand other areas were described. Britain's participation in the\nColombo Pl an and in the Volunteer Societies, which are similar to",
      "contacted_entities": [],
      "page_number": 21,
      "document_name": "910201.pdf"
    }
  ],
  "India": [
    {
      "organization_name": "The Information Service of the Indian Embassy",
      "registration_number": "",
      "foreign_principal_client": null,
      "total_finances_reported": "None Reported",
      "money_amount_numeric": 0.0,
      "activities_description": "disseminated\ntwo regular publications: Indiagram, a daily news sheet (600) and\nIndia News, a weekly paper (18,000).\nThe principal theme was India's relations with Pakistan.\nMuch space was devoted to the communal rioting against non-Muslims\nin Pakistan and Kashmir following the theft of the hair from\nMohammed's beard. The Pakistani Government was accused of inciting\nthe riots in order to create pressure on India and to jeopardize\nthe Indian position in Kashmir. Pakistan was said to be hindering\nthe flight of thousands of refugees to India, and accepting India's\npleas for a high-level conference to end the riots only after long\ndelay.\nPakistan was also accused in the publications of a large\nnumber of shooting and intrusion incidents on the east and west\nborders of India. India viewed the firing on the Kashmir border",
      "contacted_entities": [],
      "page_number": 23,
      "document_name": "910201.pdf"
    }
  ],
  "Israel": [
    {
      "organization_name": "Jewish Agency - American Section, Inc.",
      "registration_number": "",
      "foreign_principal_client": "Israel",
      "total_finances_reported": "None Reported",
      "money_amount_numeric": 0.0,
      "activities_description": "distributed The Israel Digest, a biweekly news pamphlet (8,500), press releases and other material.",
      "contacted_entities": [],
      "page_number": 25,
      "document_name": "910201.pdf"
    },
    {
      "organization_name": "Israel Information Services",
      "registration_number": "",
      "foreign_principal_client": "Israel",
      "total_finances_reported": "None Reported",
      "money_amount_numeric": 0.0,
      "activities_description": "distributed News from Israel, a biweekly sheet (10,000); Land of the Bible Newsletter, a monthly pamphlet (16,000); and other publications.",
      "contacted_entities": [],
      "page_number": 25,
      "document_name": "910201.pdf"
    }
  ],
  "Japan": [
    {
      "organization_name": "The United States-Japan Trade Council",
      "registration_number": "",
      "foreign_principal_client": "Japan Trade Promotion Office",
      "total_finances_reported": "None Reported",
      "money_amount_numeric": 0.0,
      "activities_description": "distributes intermittent news releases (300) and pamphlets on various matters affecting the interests of the Council. In connection with Japanese exports, the publications were primarily concerned with United States non-tariff trade barriers affecting Japanese products, such as buy-American policies, country-of-origin marking, antidumping laws and some Customs practices. Buy-American policies were seen as detrimental to American interests as well as Japanese interests. Many articles described the increasing volume of United States exports to Japan emphasizing the $3 billion bal ance of trade in merchandise in favor of the United States over the last decade. It was asserted that Japan would need more access to United States markets in order to continue importing on a large scale from the United States. Among the retarding factors in trade was said to be the 19.7% average United States tariff on Japanese goods as compared to a 12.1% Japanese tariff on American goods. Also, the",
      "contacted_entities": [],
      "page_number": 27,
      "document_name": "910201.pdf"
    }
  ],
  "Korea": [
    {
      "organization_name": "Embassy of Korea",
      "registration_number": "",
      "foreign_principal_client": "Korea",
      "total_finances_reported": "None Reported",
      "money_amount_numeric": 0.0,
      "activities_description": "distributed Korea Report, a monthly magazine (33,000). Its primary concern in 1964 was the problems of economic and political progress in Korea and the efforts of the Chung Hee Park regime to solve them. A second major topic was the desire for unification with North Korea, rejecting neutralism as a basis. Friendship and alliance with the United States was expressed with the hope that economic aid would be continued. The hope was also expressed that Korea and Japan would be able to establish diplomatic relations.",
      "contacted_entities": [],
      "page_number": 28,
      "document_name": "910201.pdf"
    },
    {
      "organization_name": "Embassy of Pakistan",
      "registration_number": "",
      "foreign_principal_client": "Pakistan",
      "total_finances_reported": "None Reported",
      "money_amount_numeric": 0.0,
      "activities_description": "distributed Pakistan Affairs, a biweekly news pamphlet (10,000), and Interim Report Series: Pakistan's Second Five Year Pl an 1960-65, a report sheet on economic developments (10,000). Kashmir was the major subject of discussion, with charges that India has violated the United Nations resolutions in favor of a plebiscite which would decide",
      "contacted_entities": [],
      "page_number": 28,
      "document_name": "910201.pdf"
    }
  ],
  "Brazil": [
    {
      "organization_name": "Pan American Coffee Bureau",
      "registration_number": "",
      "foreign_principal_client": "Brazil, Colombia, Costa Rica,\nCuba, Dominican Republic, Ecuador, El Salvador, Guatemala, Honduras,\nMexico, Nicaragua, Panama and Venezuela",
      "total_finances_reported": "None Reported",
      "money_amount_numeric": 0.0,
      "activities_description": "Two offices disseminated literature for the Coffee Bureau.\nThe Pan American Coffee Bureau, New York, printed an intermittent\nmagazine, Coffee and the U.S. Consumer (500). The World Coffee\nInformation Center (Samuel E. Stavisky & Associates, Inc.),\nWashington, D. C., printed a monthly magazine, The Coffee Agreement \nand Coffee Prices: Questions and Answers (500), and intermittent\ninformational releases.",
      "contacted_entities": [],
      "page_number": 29,
      "document_name": "910201.pdf"
    }
  ],
  "Portugal": [
    {
      "organization_name": "Selvage and Lee, Inc.",
      "registration_number": "",
      "foreign_principal_client": "Portugal",
      "total_finances_reported": "None Reported",
      "money_amount_numeric": 0.0,
      "activities_description": "distributed the bulk of Portuguese literature in the United States in 1964. Two of them, Selvage and Lee, Inc., Washington, and its affiliate, Portuguese-American Committee on Foreign Affairs, Boston, terminated their activities on behalf of Portugal on April 30, 1964. Selvage and Lee was replaced as agent of the Overseas Companies of Portugal by Downs and Roosevelt, Inc., New York, which disseminated Africa: News and \nOpinion, a pamphlet (10,000) published at irregular intervals, reprints of newspaper articles and other pamphlets.",
      "contacted_entities": [],
      "page_number": 30,
      "document_name": "910201.pdf"
    },
    {
      "organization_name": "Portuguese-American Committee on Foreign Affairs",
      "registration_number": "",
      "foreign_principal_client": "Portugal",
      "total_finances_reported": "None Reported",
      "money_amount_numeric": 0.0,
      "activities_description": "distributed the bulk of Portuguese literature in the United States in 1964. Two of them, Selvage and Lee, Inc., Washington, and its affiliate, Portuguese-American Committee on Foreign Affairs, Boston, terminated their activities on behalf of Portugal on April 30, 1964.",
      "contacted_entities": [],
      "page_number": 30,
      "document_name": "910201.pdf"
    },
    {
      "organization_name": "Downs and Roosevelt, Inc.",
      "registration_number": "",
      "foreign_principal_client": "Overseas Companies of Portugal",
      "total_finances_reported": "None Reported",
      "money_amount_numeric": 0.0,
      "activities_description": "replaced as agent of the Overseas Companies of Portugal by Downs and Roosevelt, Inc., New York, which disseminated Africa: News and \nOpinion, a pamphlet (10,000) published at irregular intervals, reprints of newspaper articles and other pamphlets.",
      "contacted_entities": [],
      "page_number": 30,
      "document_name": "910201.pdf"
    },
    {
      "organization_name": "Casa de Portugal",
      "registration_number": "",
      "foreign_principal_client": "Portuguese Government",
      "total_finances_reported": "None Reported",
      "money_amount_numeric": 0.0,
      "activities_description": "continued to distribute various pamphlets for the\nPortuguese Government, including the monthly Portugal: An Informative \nReview (100).",
      "contacted_entities": [],
      "page_number": 30,
      "document_name": "910201.pdf"
    }
  ],
  "South Africa": [],
  "Spain": [
    {
      "organization_name": "Embassy of Spain",
      "registration_number": "",
      "foreign_principal_client": "Spain",
      "total_finances_reported": "None Reported",
      "money_amount_numeric": 0.0,
      "activities_description": "The Embassy of Spain distributes a monthly magazine, Spanish Newsletter (12,000). 1964 topics included Spain's",
      "contacted_entities": [],
      "page_number": 33,
      "document_name": "910201.pdf"
    }
  ],
  "Union of Soviet Socialist Republics": [
    {
      "organization_name": "Four Continent Book Corporation",
      "registration_number": "",
      "foreign_principal_client": "Soviet Union",
      "total_finances_reported": "None Reported",
      "money_amount_numeric": 0.0,
      "activities_description": "handled such material as Moscow News, a weekly newspaper (30); New Times, a weekly news magazine (35); International Affairs, a monthly journal (55); Soviet Union (40); and Soviet Woman (10); monthly pictorial magazines, as well as a number of books, pamphlets and non-English publications.",
      "contacted_entities": [],
      "page_number": 34,
      "document_name": "910201.pdf"
    },
    {
      "organization_name": "Imported Publications & Products",
      "registration_number": "",
      "foreign_principal_client": "Soviet Union",
      "total_finances_reported": "None Reported",
      "money_amount_numeric": 0.0,
      "activities_description": "handled such material as Moscow News, a weekly newspaper (30); New Times, a weekly news magazine (35); International Affairs, a monthly journal (55); Soviet Union (40); and Soviet Woman (10); monthly pictorial magazines, as well as a number of books, pamphlets and non-English publications.",
      "contacted_entities": [],
      "page_number": 34,
      "document_name": "910201.pdf"
    },
    {
      "organization_name": "Cross World Books and Periodicals",
      "registration_number": "",
      "foreign_principal_client": "Soviet Union",
      "total_finances_reported": "None Reported",
      "money_amount_numeric": 0.0,
      "activities_description": "sells books published in the Soviet Union",
      "contacted_entities": [],
      "page_number": 34,
      "document_name": "910201.pdf"
    },
    {
      "organization_name": "Philip Frankfeld, doing business as New Era Books",
      "registration_number": "",
      "foreign_principal_client": "Soviet Union",
      "total_finances_reported": "None Reported",
      "money_amount_numeric": 0.0,
      "activities_description": "sells books published in the Soviet Union",
      "contacted_entities": [],
      "page_number": 34,
      "document_name": "910201.pdf"
    },
    {
      "organization_name": "Crosscurrents Press",
      "registration_number": "",
      "foreign_principal_client": "Soviet Union",
      "total_finances_reported": "None Reported",
      "money_amount_numeric": 0.0,
      "activities_description": "publishes the weekly pamphlet Soviet Documents (3,000) for the Soviet Embassy and United Nations Mission, which in turn distributed it.",
      "contacted_entities": [],
      "page_number": 34,
      "document_name": "910201.pdf"
    },
    {
      "organization_name": "Eastern News Distributors",
      "registration_number": "",
      "foreign_principal_client": "Soviet Union",
      "total_finances_reported": "None Reported",
      "money_amount_numeric": 0.0,
      "activities_description": "contracted beginning October, 1964 to sell Moscow News (12,500).",
      "contacted_entities": [],
      "page_number": 34,
      "document_name": "910201.pdf"
    }
  ],
  "AFGHANISTAN": [],
  "Norway": []
}