{
  "ALPHABETICAL LIST OF REGISTRANTS WHOSE STATEMENTS WERE FILED DURING THE YEAR 1962": [
    {
      "organization_name": "A. S. NEMIR ASSOCIATES",
      "registration_number": "1524",
      "foreign_principal_client": "Instituto do Acucar e do Alcool, Rio de Janeiro, Brazil",
      "total_finances_reported": null,
      "money_amount_numeric": 0.0,
      "activities_description": "Promotion of sugar interests",
      "contacted_entities": [],
      "page_number": 45,
      "document_name": "910211.pdf"
    },
    {
      "organization_name": "ALBERT M. PROSTERMAN & ASSOCIATES",
      "registration_number": "1566",
      "foreign_principal_client": "Inter-African Coffee Organization, Paris, France",
      "total_finances_reported": null,
      "money_amount_numeric": 0.0,
      "activities_description": "Economic advisor",
      "contacted_entities": [],
      "page_number": 45,
      "document_name": "910211.pdf"
    },
    {
      "organization_name": "ALLEN, MURDEN & NYSTROM, INC.",
      "registration_number": "1510",
      "foreign_principal_client": "Consulate General of Japan, New York\nUnited States - Japan Trade Council, Inc.\nConsejo de Relaciones Publicas de la Inciativa Privada, Pro Mexico\nCommittee of European Shipowners\nNorwegian Shipowners Association\nEmbassy of Chile",
      "total_finances_reported": null,
      "money_amount_numeric": 0.0,
      "activities_description": "Public relations counsel",
      "contacted_entities": [],
      "page_number": 45,
      "document_name": "910211.pdf"
    },
    {
      "organization_name": "ANDERSON, Cyrus T.",
      "registration_number": "1529",
      "foreign_principal_client": "KLM Royal Dutch Airlines, New York",
      "total_finances_reported": null,
      "money_amount_numeric": 0.0,
      "activities_description": "Public relations advisor",
      "contacted_entities": [],
      "page_number": 45,
      "document_name": "910211.pdf"
    },
    {
      "organization_name": "ANGELIDIS, John J.",
      "registration_number": "1570",
      "foreign_principal_client": "Government of Republic of Congo, Leopoldville",
      "total_finances_reported": null,
      "money_amount_numeric": 0.0,
      "activities_description": "Procurement agent",
      "contacted_entities": [],
      "page_number": 45,
      "document_name": "910211.pdf"
    }
  ],
  "ANGOLA": [
    {
      "organization_name": "ANGOLA OFFICE (Formerly: Union of the Populations of Angola Information Service, The)",
      "registration_number": "1517",
      "foreign_principal_client": "The Union of the Populations of Angola, Leopoldville, Republic of the Congo",
      "total_finances_reported": "None Reported",
      "money_amount_numeric": 0.0,
      "activities_description": "Information service",
      "contacted_entities": [],
      "page_number": 46,
      "document_name": "910211.pdf"
    },
    {
      "organization_name": "BAUKHAGE, H. R.",
      "registration_number": "1527",
      "foreign_principal_client": "German Information Center, New York",
      "total_finances_reported": "None Reported",
      "money_amount_numeric": 0.0,
      "activities_description": "Broadcasting services",
      "contacted_entities": [],
      "page_number": 46,
      "document_name": "910211.pdf"
    },
    {
      "organization_name": "BLOWERS, George A.",
      "registration_number": "1544",
      "foreign_principal_client": "Treasury Department, Republic of Liberia, Monrovia",
      "total_finances_reported": "None Reported",
      "money_amount_numeric": 0.0,
      "activities_description": "Financial consultant",
      "contacted_entities": [],
      "page_number": 46,
      "document_name": "910211.pdf"
    },
    {
      "organization_name": "BRIGGS, Walter Ladd",
      "registration_number": "1563",
      "foreign_principal_client": "Government of Republic of Korea, Seoul",
      "total_finances_reported": "None Reported",
      "money_amount_numeric": 0.0,
      "activities_description": "Consultant",
      "contacted_entities": [],
      "page_number": 46,
      "document_name": "910211.pdf"
    },
    {
      "organization_name": "BRITISH GUIANA PUBLIC RELATIONS OFFICE",
      "registration_number": "1568",
      "foreign_principal_client": "Government of British Guiana, Georgetown",
      "total_finances_reported": "None Reported",
      "money_amount_numeric": 0.0,
      "activities_description": "Official information office",
      "contacted_entities": [],
      "page_number": 46,
      "document_name": "910211.pdf"
    },
    {
      "organization_name": "BRONIAREK, Zygmunt",
      "registration_number": "1506",
      "foreign_principal_client": "Trybuna Ludu (newspaper), Warsaw, Poland",
      "total_finances_reported": "None Reported",
      "money_amount_numeric": 0.0,
      "activities_description": "Correspondent",
      "contacted_entities": [],
      "page_number": 46,
      "document_name": "910211.pdf"
    },
    {
      "organization_name": "BRONZ, George",
      "registration_number": "1545",
      "foreign_principal_client": "Coras Trachtala (The Irish Export Board), Dublin, Ireland",
      "total_finances_reported": "None Reported",
      "money_amount_numeric": 0.0,
      "activities_description": "Legal servic s relating to legislation affecting the importation of sugar and products containing sugar from Ireland",
      "contacted_entities": [],
      "page_number": 46,
      "document_name": "910211.pdf"
    }
  ],
  "Dominican Republic": [
    {
      "organization_name": "COMITE DE AYUDA AGRUPACION POLITICA 14 DE JUNIO",
      "registration_number": "1536",
      "foreign_principal_client": "Agrupacion Politica 14 de Junio, Santo Domingo, Dominican Republic",
      "total_finances_reported": "None Reported",
      "money_amount_numeric": 0.0,
      "activities_description": "Collection of funds and dis-tribution of newspaper",
      "contacted_entities": [],
      "page_number": 47,
      "document_name": "910211.pdf"
    },
    {
      "organization_name": "CHYLINSKI, Bogdan",
      "registration_number": "1512",
      "foreign_principal_client": "Polish Press Agency, Warsaw, Poland",
      "total_finances_reported": "None Reported",
      "money_amount_numeric": 0.0,
      "activities_description": "Correspondent",
      "contacted_entities": [],
      "page_number": 47,
      "document_name": "910211.pdf"
    },
    {
      "organization_name": "COBB, David",
      "registration_number": "1525",
      "foreign_principal_client": "Embassy of the Polish People's RepublicEmbassy of the Czechoslovak Socialist Republic",
      "total_finances_reported": "None Reported",
      "money_amount_numeric": 0.0,
      "activities_description": "Legal services",
      "contacted_entities": [],
      "page_number": 47,
      "document_name": "910211.pdf"
    },
    {
      "organization_name": "CASEY, LANE & MITTENDORF",
      "registration_number": "1553",
      "foreign_principal_client": "South African Sugar Association, Durban",
      "total_finances_reported": "None Reported",
      "money_amount_numeric": 0.0,
      "activities_description": "Representative in connection with commercial transactions and sugar legislation",
      "contacted_entities": [],
      "page_number": 47,
      "document_name": "910211.pdf"
    },
    {
      "organization_name": "CHRISTMAN, Robert A.",
      "registration_number": "1564",
      "foreign_principal_client": "Centrale Suiker Maatschappij N.V., Amsterdam, Holland V renigde Cooperatieve Suikerfabrieken G.A., Stampersgat, Holland Friesch-Groningsche Cooperatieve Beetwortelsuikerfabriek, G.A., Groningen, Holland Eerste Nederlandsche Cooperatieve Beetwortelsuikerfabriek en Raffinaderij G.A., Sas Van Gent, Holland",
      "total_finances_reported": "None Reported",
      "money_amount_numeric": 0.0,
      "activities_description": "Representation in connection with sugar legislation",
      "contacted_entities": [],
      "page_number": 47,
      "document_name": "910211.pdf"
    },
    {
      "organization_name": "CHINESE INVESTMENT & TRADE OFFICE",
      "registration_number": "1567",
      "foreign_principal_client": "Industrial Development and Investment Center, Taipei, Taiwan, Republic of China",
      "total_finances_reported": "None Reported",
      "money_amount_numeric": 0.0,
      "activities_description": "Promotion of trade and industry",
      "contacted_entities": [],
      "page_number": 47,
      "document_name": "910211.pdf"
    },
    {
      "organization_name": "MAGUIRE, Philip F.",
      "registration_number": "1550",
      "foreign_principal_client": "Comision de Defensa del Azucar y Fomento de la Cana, Santo Domingo, Dominican Republic",
      "total_finances_reported": "None Reported",
      "money_amount_numeric": 0.0,
      "activities_description": "Representative in connection with sugar marketing and sugar legislation",
      "contacted_entities": [],
      "page_number": 52,
      "document_name": "910211.pdf"
    },
    {
      "organization_name": "MALLEN, George W.",
      "registration_number": "1577",
      "foreign_principal_client": "Government of the Dominican Republic",
      "total_finances_reported": "None Reported",
      "money_amount_numeric": 0.0,
      "activities_description": "Security agent",
      "contacted_entities": [],
      "page_number": 52,
      "document_name": "910211.pdf"
    },
    {
      "organization_name": "MATOS GONZALEZ, Celeste Antonia",
      "registration_number": "1557",
      "foreign_principal_client": "Military Intelligence Service Santo Domingo, Dominican Republic",
      "total_finances_reported": "None Reported",
      "money_amount_numeric": 0.0,
      "activities_description": "Courier",
      "contacted_entities": [],
      "page_number": 52,
      "document_name": "910211.pdf"
    }
  ],
  "CONGO": [
    {
      "organization_name": "CONGO INFORMATION BUREAU",
      "registration_number": "1538",
      "foreign_principal_client": "Central Government of the Republic of the Congo, Leopoldville",
      "total_finances_reported": "None Reported",
      "money_amount_numeric": 0.0,
      "activities_description": "Official information offic",
      "contacted_entities": [],
      "page_number": 48,
      "document_name": "910211.pdf"
    },
    {
      "organization_name": "DAWSON, Donald Roy",
      "registration_number": "1581",
      "foreign_principal_client": "Government of Canada, Department of Trade and Commerce",
      "total_finances_reported": "None Reported",
      "money_amount_numeric": 0.0,
      "activities_description": "Honorary commercial agent",
      "contacted_entities": [],
      "page_number": 48,
      "document_name": "910211.pdf"
    },
    {
      "organization_name": "DAWSON, GRIFFIN, PICKENS & RIDDELL",
      "registration_number": "1547",
      "foreign_principal_client": "Indian Sugar Mills Association, Calcutta",
      "total_finances_reported": "None Reported",
      "money_amount_numeric": 0.0,
      "activities_description": "Representativ for obtaining sugar quota",
      "contacted_entities": [],
      "page_number": 48,
      "document_name": "910211.pdf"
    },
    {
      "organization_name": "DEALE, Valentine B.",
      "registration_number": "1541",
      "foreign_principal_client": "Japanese National Railways, Tokyo",
      "total_finances_reported": "None Reported",
      "money_amount_numeric": 0.0,
      "activities_description": "Legal services",
      "contacted_entities": [],
      "page_number": 48,
      "document_name": "910211.pdf"
    },
    {
      "organization_name": "DeBESSENYEY, Gabor (dba Academic Extension Center)",
      "registration_number": "1582",
      "foreign_principal_client": "Fernando Berckemeyer, Ambassador of Peru",
      "total_finances_reported": "None Reported",
      "money_amount_numeric": 0.0,
      "activities_description": "Preparation of reprints of news articles",
      "contacted_entities": [],
      "page_number": 48,
      "document_name": "910211.pdf"
    },
    {
      "organization_name": "DeCLEVE, Frank",
      "registration_number": "1526",
      "foreign_principal_client": "Provisional Council of Government, Free Territory of Trieste",
      "total_finances_reported": "None Reported",
      "money_amount_numeric": 0.0,
      "activities_description": "Diplomatic agent",
      "contacted_entities": [],
      "page_number": 48,
      "document_name": "910211.pdf"
    },
    {
      "organization_name": "DEMOCRATIC & SOCIALIST PARTY OF CHINA",
      "registration_number": "1543",
      "foreign_principal_client": "Democratic and Socialist Party of China, Taipei, Taiwan",
      "total_finances_reported": "None Reported",
      "money_amount_numeric": 0.0,
      "activities_description": "Political activities",
      "contacted_entities": [],
      "page_number": 48,
      "document_name": "910211.pdf"
    },
    {
      "organization_name": "EAGAN, Edward P. F.",
      "registration_number": "1522",
      "foreign_principal_client": "Republic of Iraq, Baghdad",
      "total_finances_reported": "None Reported",
      "money_amount_numeric": 0.0,
      "activities_description": "Legal servic s in connection with recovery of assets of the Estate of King Faisal II",
      "contacted_entities": [],
      "page_number": 48,
      "document_name": "910211.pdf"
    }
  ],
  "Bulgaria": [
    {
      "organization_name": "FAM BOOK AND TRANSLATION SERVICE",
      "registration_number": "1511",
      "foreign_principal_client": "Raznoiznos, Sofia, Bulgaria\nYugoslovenska Knjiga,\nYugoslavia \n\"Ruch\" Export-Import\nEnterprise, Poland",
      "total_finances_reported": "None Reported",
      "money_amount_numeric": 0.0,
      "activities_description": "Purchasing agent\nfor publications",
      "contacted_entities": [],
      "page_number": 49,
      "document_name": "910211.pdf"
    },
    {
      "organization_name": "FARRINGTON, Robert L.",
      "registration_number": "1518",
      "foreign_principal_client": "Office of Economic\nCounselor, Chinese\nEmbassy",
      "total_finances_reported": "None Reported",
      "money_amount_numeric": 0.0,
      "activities_description": "Legal advisor\nand represen-\ntative in\nconnection\nwith sugar\nlegislation",
      "contacted_entities": [],
      "page_number": 49,
      "document_name": "910211.pdf"
    },
    {
      "organization_name": "FEDERACION ESTUDIANTIL\nUNIVERSITARIA (OF CUBA\nIN EXILE)",
      "registration_number": "1542",
      "foreign_principal_client": "Federacion Estudiantil\nUniversitaria de Cuba\n(Underground)",
      "total_finances_reported": "None Reported",
      "money_amount_numeric": 0.0,
      "activities_description": "Anti-Castro\nmovement",
      "contacted_entities": [],
      "page_number": 49,
      "document_name": "910211.pdf"
    },
    {
      "organization_name": "FREED, Owen S.",
      "registration_number": "1575",
      "foreign_principal_client": "Consulate of Brazil, Miami",
      "total_finances_reported": "None Reported",
      "money_amount_numeric": 0.0,
      "activities_description": "Legal services",
      "contacted_entities": [],
      "page_number": 49,
      "document_name": "910211.pdf"
    },
    {
      "organization_name": "FRIENDS OF CUBA IN EXILE",
      "registration_number": "1579",
      "foreign_principal_client": "Mario Rolando Rivero,\nOfficial of Ejercito\nLibertador de Cuba",
      "total_finances_reported": "None Reported",
      "money_amount_numeric": 0.0,
      "activities_description": "Fund raising\nactivities",
      "contacted_entities": [],
      "page_number": 49,
      "document_name": "910211.pdf"
    },
    {
      "organization_name": "GOEDKOOP, Johan",
      "registration_number": "1507",
      "foreign_principal_client": "Municipality of Amsterdam,\nHolland",
      "total_finances_reported": "None Reported",
      "money_amount_numeric": 0.0,
      "activities_description": "Representative\nfor industrial,\nport and trade\ninterests",
      "contacted_entities": [],
      "page_number": 49,
      "document_name": "910211.pdf"
    }
  ],
  "SAN MARINO": [
    {
      "organization_name": "HALEY, Andrew G.",
      "registration_number": "1532",
      "foreign_principal_client": "The Government of the Republic of San Marino",
      "total_finances_reported": "None Reported",
      "money_amount_numeric": 0.0,
      "activities_description": "Commissioner General Extra-ordinary for the Century 21 Exposition",
      "contacted_entities": [],
      "page_number": 50,
      "document_name": "910211.pdf"
    },
    {
      "organization_name": "HASELTINE, LAKE & COMPANY",
      "registration_number": "1580",
      "foreign_principal_client": "Commonwealth of Australia, Department of Supply",
      "total_finances_reported": "None Reported",
      "money_amount_numeric": 0.0,
      "activities_description": "Patent applications services",
      "contacted_entities": [],
      "page_number": 50,
      "document_name": "910211.pdf"
    },
    {
      "organization_name": "HASELTINE, LAKE & COMPANY",
      "registration_number": "1583",
      "foreign_principal_client": "Reactor Centrum Nederland, The Hague",
      "total_finances_reported": "None Reported",
      "money_amount_numeric": 0.0,
      "activities_description": "Legal services",
      "contacted_entities": [],
      "page_number": 50,
      "document_name": "910211.pdf"
    },
    {
      "organization_name": "HOFFMAN, Stephen L.",
      "registration_number": "1510",
      "foreign_principal_client": "Dr. Joaquin Balaguer, former President of Dominican Republic",
      "total_finances_reported": "None Reported",
      "money_amount_numeric": 0.0,
      "activities_description": "See: ALLEN, MURDEN & NYSTROM, INC.",
      "contacted_entities": [],
      "page_number": 50,
      "document_name": "910211.pdf"
    },
    {
      "organization_name": "INTERNATIONAL RELATIONS CONSULTANTS",
      "registration_number": "1523",
      "foreign_principal_client": "Ministry of Information, Federation of Nigeria, Lagos",
      "total_finances_reported": "None Reported",
      "money_amount_numeric": 0.0,
      "activities_description": "Public relations",
      "contacted_entities": [],
      "page_number": 50,
      "document_name": "910211.pdf"
    },
    {
      "organization_name": "JAMES J. LARKIN ASSOCIATES, INC.",
      "registration_number": "1554",
      "foreign_principal_client": "Ministry of Information, Federation of Nigeria, Lagos",
      "total_finances_reported": "None Reported",
      "money_amount_numeric": 0.0,
      "activities_description": "Legal services",
      "contacted_entities": [],
      "page_number": 50,
      "document_name": "910211.pdf"
    },
    {
      "organization_name": "JAMES, Leonard Gage",
      "registration_number": "1558",
      "foreign_principal_client": "Committee of European Shipowners, c/o Richard N. Bertram, Breman, Germany",
      "total_finances_reported": "None Reported",
      "money_amount_numeric": 0.0,
      "activities_description": "Legal services in South Africa.Sugar Growers Association, Durham connection with obtaining sugar quota",
      "contacted_entities": [],
      "page_number": 50,
      "document_name": "910211.pdf"
    }
  ],
  "BELIZE": [
    {
      "organization_name": "LILJENQUIST, L. Blaine",
      "registration_number": "1551",
      "foreign_principal_client": "Ministry of Natural Resources, Commerce and Industry, British Honduras, Belize",
      "total_finances_reported": "None Reported",
      "money_amount_numeric": 0.0,
      "activities_description": "Representative for obtaining sugar quota",
      "contacted_entities": [],
      "page_number": 51,
      "document_name": "910211.pdf"
    },
    {
      "organization_name": "MAASAI INFORMATION SERVICE",
      "registration_number": "1533",
      "foreign_principal_client": "Godfrey K. Ole Kipury, K nya East Africa",
      "total_finances_reported": "None Reported",
      "money_amount_numeric": 0.0,
      "activities_description": "Information service",
      "contacted_entities": [],
      "page_number": 51,
      "document_name": "910211.pdf"
    }
  ],
  "Republic of the Congo": [
    {
      "organization_name": "MILBURN McCARTY ASSOCIATES, INC.",
      "registration_number": "1514",
      "foreign_principal_client": "Republic of the Congo - Central Government, Leopoldville",
      "total_finances_reported": null,
      "money_amount_numeric": 0.0,
      "activities_description": null,
      "contacted_entities": [],
      "page_number": 53,
      "document_name": "910211.pdf"
    },
    {
      "organization_name": "MOLINS, Ralph",
      "registration_number": "1565",
      "foreign_principal_client": "Government of the Dominican Republic",
      "total_finances_reported": null,
      "money_amount_numeric": 0.0,
      "activities_description": null,
      "contacted_entities": [],
      "page_number": 53,
      "document_name": "910211.pdf"
    },
    {
      "organization_name": "MOVIMIENTO REVOLUCIONARIO DEL PUEBLO (EN EL EXILIO)",
      "registration_number": "1516",
      "foreign_principal_client": "Movimiento Revolucionario del Pueblo, Underground in Cuba",
      "total_finances_reported": null,
      "money_amount_numeric": 0.0,
      "activities_description": null,
      "contacted_entities": [],
      "page_number": 53,
      "document_name": "910211.pdf"
    },
    {
      "organization_name": "MUIR, Ralph L.",
      "registration_number": "1540",
      "foreign_principal_client": "Government of British Honduras, Belize",
      "total_finances_reported": null,
      "money_amount_numeric": 0.0,
      "activities_description": null,
      "contacted_entities": [],
      "page_number": 53,
      "document_name": "910211.pdf"
    },
    {
      "organization_name": "O'HARE, Richard C. and ROWE, James H., Jr.",
      "registration_number": "1519",
      "foreign_principal_client": "Haytian-American Sugar Company, S.A., Port-au-Prince, Haiti",
      "total_finances_reported": null,
      "money_amount_numeric": 0.0,
      "activities_description": null,
      "contacted_entities": [],
      "page_number": 53,
      "document_name": "910211.pdf"
    },
    {
      "organization_name": "ORGANIZING COMMISSION-CUBAN ARMY OF LIBERATION",
      "registration_number": "1562",
      "foreign_principal_client": "The oppressed people of Cuba",
      "total_finances_reported": null,
      "money_amount_numeric": 0.0,
      "activities_description": null,
      "contacted_entities": [],
      "page_number": 53,
      "document_name": "910211.pdf"
    },
    {
      "organization_name": "PRENSA LATINA, AGENCIA INFORMATIVA LATINOAMERICANA, SOCIEDAD ANONIMA (United States Office)",
      "registration_number": "1537",
      "foreign_principal_client": "Prensa Latina, Agencia Informativa Latinoamericana, Sociedad Anonima, Havana, Cuba",
      "total_finances_reported": null,
      "money_amount_numeric": 0.0,
      "activities_description": null,
      "contacted_entities": [],
      "page_number": 53,
      "document_name": "910211.pdf"
    }
  ],
  "COLOMBIA": [
    {
      "organization_name": "SCHEIN, Ernest",
      "registration_number": "1549",
      "foreign_principal_client": "Distribuidora de Azucares, S.A., Bogota, Colombia\nAzucareros Independientes Ltda., Cali, Colombia\nCompania Azucarera del Valle, S.A., Cali, Colombia\n(Three companies acting as Unit in connection with Sugar interests.)",
      "total_finances_reported": "None Reported",
      "money_amount_numeric": 0.0,
      "activities_description": "Legal counsel and representative for obtaining sugar quota",
      "contacted_entities": [],
      "page_number": 54,
      "document_name": "910211.pdf"
    },
    {
      "organization_name": "SAMUEL E. STAVISKY & ASSOCIATES, INC.",
      "registration_number": "1531",
      "foreign_principal_client": "International Coffee Agreement, Washington, D.C.",
      "total_finances_reported": "None Reported",
      "money_amount_numeric": 0.0,
      "activities_description": "Public relations",
      "contacted_entities": [],
      "page_number": 54,
      "document_name": "910211.pdf"
    }
  ],
  "INDONESIA": [
    {
      "organization_name": "STONE, David S.",
      "registration_number": "1509",
      "foreign_principal_client": "Indonesian National Army of the Republic of Indonesia",
      "total_finances_reported": "None Reported",
      "money_amount_numeric": 0.0,
      "activities_description": "Public relations and procurement agent",
      "contacted_entities": [],
      "page_number": 55,
      "document_name": "910211.pdf"
    },
    {
      "organization_name": "SULLIVAN, SHEA & KENNEY",
      "registration_number": "1571",
      "foreign_principal_client": "Embassy of Ireland",
      "total_finances_reported": "None Reported",
      "money_amount_numeric": 0.0,
      "activities_description": "Legal services",
      "contacted_entities": [],
      "page_number": 55,
      "document_name": "910211.pdf"
    },
    {
      "organization_name": "SURREY, Walter Sterling",
      "registration_number": "1560",
      "foreign_principal_client": "Private sugar producers in the Islands of Guadeloupe and Martinique, French West Indies",
      "total_finances_reported": "None Reported",
      "money_amount_numeric": 0.0,
      "activities_description": "Representative for obtaining sugar quota",
      "contacted_entities": [],
      "page_number": 55,
      "document_name": "910211.pdf"
    },
    {
      "organization_name": "SURREY, Walter Sterling",
      "registration_number": "1561",
      "foreign_principal_client": "Private Sugar producers in the Islands of Guadeloupe and Martinique, French West Indies",
      "total_finances_reported": "None Reported",
      "money_amount_numeric": 0.0,
      "activities_description": "Representative for obtaining sugar quota",
      "contacted_entities": [],
      "page_number": 55,
      "document_name": "910211.pdf"
    },
    {
      "organization_name": "SWEDISH FILM CENTER, DEPARTMENT OF CREATIVISION INC ORP ORATED",
      "registration_number": "1515",
      "foreign_principal_client": "The Swedish Institute, Stockholm",
      "total_finances_reported": "None Reported",
      "money_amount_numeric": 0.0,
      "activities_description": "Film distributor",
      "contacted_entities": [],
      "page_number": 55,
      "document_name": "910211.pdf"
    },
    {
      "organization_name": "TAPPAN, Pedro",
      "registration_number": "1508",
      "foreign_principal_client": "Artes Graficas (Bohemia), Havana, Cuba",
      "total_finances_reported": "None Reported",
      "money_amount_numeric": 0.0,
      "activities_description": "Distributing agent",
      "contacted_entities": [],
      "page_number": 55,
      "document_name": "910211.pdf"
    },
    {
      "organization_name": "TORCH AGENCY, INC.",
      "registration_number": "1521",
      "foreign_principal_client": "V/0 Mezhdunarodnaya Kniga, Moscow, USSR",
      "total_finances_reported": "None Reported",
      "money_amount_numeric": 0.0,
      "activities_description": "Subscription agent",
      "contacted_entities": [],
      "page_number": 55,
      "document_name": "910211.pdf"
    }
  ],
  "Greece": [
    {
      "organization_name": "VICTOR A. BENNETT CO., INC.",
      "registration_number": "1546",
      "foreign_principal_client": "National Tourist Organization of Greece, Athens",
      "total_finances_reported": "None Reported",
      "money_amount_numeric": 0.0,
      "activities_description": "Tourist promotion",
      "contacted_entities": [],
      "page_number": 56,
      "document_name": "910211.pdf"
    },
    {
      "organization_name": "WALKER AND CRENSHAW, INC.",
      "registration_number": "1530",
      "foreign_principal_client": "United Arab Republic Tourist Office, New York",
      "total_finances_reported": "None Reported",
      "money_amount_numeric": 0.0,
      "activities_description": "Public relations",
      "contacted_entities": [],
      "page_number": 56,
      "document_name": "910211.pdf"
    },
    {
      "organization_name": "WILLIAM A. ULMAN ASSOCIATES, INC.",
      "registration_number": "1555",
      "foreign_principal_client": "Embassy of Guatemala, Washington, D.C.",
      "total_finances_reported": "None Reported",
      "money_amount_numeric": 0.0,
      "activities_description": "Tourist promotion",
      "contacted_entities": [],
      "page_number": 56,
      "document_name": "910211.pdf"
    },
    {
      "organization_name": "YATES & DANNER",
      "registration_number": "1520",
      "foreign_principal_client": "Panama Insurance Company, Panama, Republic of Panama",
      "total_finances_reported": "None Reported",
      "money_amount_numeric": 0.0,
      "activities_description": "Legal services",
      "contacted_entities": [],
      "page_number": 56,
      "document_name": "910211.pdf"
    }
  ],
  "Kenya": [
    {
      "organization_name": "VICTOR A. BENNETT CO., INC.",
      "registration_number": "1546",
      "foreign_principal_client": "East Africa Tourist Travel Association, Kenya",
      "total_finances_reported": "None Reported",
      "money_amount_numeric": 0.0,
      "activities_description": "Tourist promotion",
      "contacted_entities": [],
      "page_number": 56,
      "document_name": "910211.pdf"
    }
  ],
  "Rhodesia and Nyasaland": [
    {
      "organization_name": "WADEC, INC.",
      "registration_number": "1586",
      "foreign_principal_client": "Information Branch, Federation of Rhodesia and Nyasaland, Salisbury",
      "total_finances_reported": "None Reported",
      "money_amount_numeric": 0.0,
      "activities_description": "Public relations",
      "contacted_entities": [],
      "page_number": 56,
      "document_name": "910211.pdf"
    }
  ],
  "Panama": [
    {
      "organization_name": "WARREN WEIL PUBLIC RELATIONS",
      "registration_number": "1576",
      "foreign_principal_client": "Colon Free Zone, Republic of Panama",
      "total_finances_reported": "None Reported",
      "money_amount_numeric": 0.0,
      "activities_description": "Public relations",
      "contacted_entities": [],
      "page_number": 56,
      "document_name": "910211.pdf"
    }
  ],
  "Mexico": [
    {
      "organization_name": "WASHBURN, STRINGER ASSOCIATES, INC.",
      "registration_number": "1552",
      "foreign_principal_client": "Consejo de Relaciones Publicas de la Iniciativa Privada Pro-Mexico",
      "total_finances_reported": "None Reported",
      "money_amount_numeric": 0.0,
      "activities_description": "Legal services in connection with obtaining sugar quota",
      "contacted_entities": [],
      "page_number": 56,
      "document_name": "910211.pdf"
    }
  ],
  "El Salvador": [
    {
      "organization_name": "WILKINSON, CRAGUN & BARKER",
      "registration_number": "1539",
      "foreign_principal_client": "Sugar Producers Association of El Salvador (Asociacion Azucarera de El Salvador), San Salvador",
      "total_finances_reported": "None Reported",
      "money_amount_numeric": 0.0,
      "activities_description": "Public relations; publicity and tourist promotion",
      "contacted_entities": [],
      "page_number": 56,
      "document_name": "910211.pdf"
    }
  ],
  "Iran": [
    {
      "organization_name": "WILLIAM A. ULMAN ASSOCIATES, INC.",
      "registration_number": "1555",
      "foreign_principal_client": "Pahlavi Foundation, Tehran, Iran",
      "total_finances_reported": "None Reported",
      "money_amount_numeric": 0.0,
      "activities_description": "Tourist promotion",
      "contacted_entities": [],
      "page_number": 56,
      "document_name": "910211.pdf"
    }
  ]
}