{
  "APPEND IX II": [
    {
      "organization_name": "ALLIED SYNDICATES, INC.",
      "registration_number": "604",
      "foreign_principal_client": "Bank of China, New York Agency",
      "total_finances_reported": "None Reported",
      "money_amount_numeric": 0.0,
      "activities_description": "Public relations\ncounsel",
      "contacted_entities": [],
      "page_number": 12,
      "document_name": "910216.pdf"
    },
    {
      "organization_name": "AMERICAN CHINESE EXPORT CORPORATION",
      "registration_number": "643",
      "foreign_principal_client": "China National Import Corporation,Tientsin, China\nChina National Bristle Corp.,Tientsin, China\nChina National Oil & Fats Corp.,Tientsin, China\nChina National Native Produce Corp.,Tientsin, China\nChina National Egg Products Corp.,Tientsin, China\nChina National Tea Corp., Peking\nChina National Furs & Wools Corp.,Tientsin, China\nNorth China Petroleum Corp.,North Tientsin, China\nLeighton Trading Corp., Shanghai\nNam Sun Trading Co., Hong Kong\nChinese Industrial Cooperatives, Peking",
      "total_finances_reported": "None Reported",
      "money_amount_numeric": 0.0,
      "activities_description": "Purchasing and sales\nagent",
      "contacted_entities": [],
      "page_number": 12,
      "document_name": "910216.pdf"
    },
    {
      "organization_name": "AMERICAN ENGINEERING EXPORT CORP.",
      "registration_number": "",
      "foreign_principal_client": "General Administration of Turkish State\nSeaways & Harbors, Istambul",
      "total_finances_reported": "None Reported",
      "money_amount_numeric": 0.0,
      "activities_description": "Consultant on marine\nequipment",
      "contacted_entities": [],
      "page_number": 12,
      "document_name": "910216.pdf"
    },
    {
      "organization_name": "AUSTRIAN TRADE DELEGATE, THE",
      "registration_number": "",
      "foreign_principal_client": "Austrian Federal Chamber of Commerce,\nVienna",
      "total_finances_reported": "None Reported",
      "money_amount_numeric": 0.0,
      "activities_description": "Trade promotion",
      "contacted_entities": [],
      "page_number": 12,
      "document_name": "910216.pdf"
    }
  ],
  "AFGHANISTAN": [],
  "ALBANIA": [
    {
      "organization_name": "FEDERAL ADVERTISING AGENCY, INC.",
      "registration_number": "649",
      "foreign_principal_client": "Pan-American Coffee Bureau, New York",
      "total_finances_reported": "None Reported",
      "money_amount_numeric": 0.0,
      "activities_description": "Advertising and publicity services",
      "contacted_entities": [],
      "page_number": 14,
      "document_name": "910216.pdf"
    },
    {
      "organization_name": "FELDMAN FAMILY CLOTHING EXPORT & SHIPPING CORP.",
      "registration_number": "605",
      "foreign_principal_client": "Intourist, Moscow, USSR",
      "total_finances_reported": "None Reported",
      "money_amount_numeric": 0.0,
      "activities_description": "Parcel forwarding service",
      "contacted_entities": [],
      "page_number": 14,
      "document_name": "910216.pdf"
    },
    {
      "organization_name": "FIELD, Frederick V.",
      "registration_number": "640",
      "foreign_principal_client": "Government of Israel (through Express Service Transport Ltd. & Collector of Customs), Tel Aviv",
      "total_finances_reported": "None Reported",
      "money_amount_numeric": 0.0,
      "activities_description": "Representative as attorney-in-fact",
      "contacted_entities": [],
      "page_number": 14,
      "document_name": "910216.pdf"
    },
    {
      "organization_name": "FIELD, Frederick V.",
      "registration_number": "624",
      "foreign_principal_client": "Bank of China, Peking",
      "total_finances_reported": "None Reported",
      "money_amount_numeric": 0.0,
      "activities_description": "Correspondent",
      "contacted_entities": [],
      "page_number": 14,
      "document_name": "910216.pdf"
    },
    {
      "organization_name": "FIELD, Frederick V.",
      "registration_number": "627",
      "foreign_principal_client": "China National Aviation Corp., Peking",
      "total_finances_reported": "None Reported",
      "money_amount_numeric": 0.0,
      "activities_description": "Purchasing agent",
      "contacted_entities": [],
      "page_number": 14,
      "document_name": "910216.pdf"
    },
    {
      "organization_name": "FIELD, Frederick V.",
      "registration_number": "617",
      "foreign_principal_client": "Directorate General of postal Remittances and Savings Bank, Peking",
      "total_finances_reported": "None Reported",
      "money_amount_numeric": 0.0,
      "activities_description": "Legal services",
      "contacted_entities": [],
      "page_number": 14,
      "document_name": "910216.pdf"
    },
    {
      "organization_name": "FIELD, Frederick V.",
      "registration_number": "645",
      "foreign_principal_client": "Chinese Postal Remittances & Savings Bank, Hong Kong",
      "total_finances_reported": "None Reported",
      "money_amount_numeric": 0.0,
      "activities_description": "Subscription agent",
      "contacted_entities": [],
      "page_number": 14,
      "document_name": "910216.pdf"
    },
    {
      "organization_name": "FILIPPOV, Ivan",
      "registration_number": "616",
      "foreign_principal_client": "PRAVDA, Moscow, USSR",
      "total_finances_reported": "None Reported",
      "money_amount_numeric": 0.0,
      "activities_description": "Information and travel service",
      "contacted_entities": [],
      "page_number": 14,
      "document_name": "910216.pdf"
    },
    {
      "organization_name": "FOREIGN SUPPLY COMPANY, INC.",
      "registration_number": "615",
      "foreign_principal_client": "Defense Ministry of Israel, Government of Israel, Tel Aviv",
      "total_finances_reported": "None Reported",
      "money_amount_numeric": 0.0,
      "activities_description": "Lecture tour",
      "contacted_entities": [],
      "page_number": 14,
      "document_name": "910216.pdf"
    },
    {
      "organization_name": "GANTT, Paul H.",
      "registration_number": "609",
      "foreign_principal_client": "Council for the Protection of Foreign Claims , London",
      "total_finances_reported": "None Reported",
      "money_amount_numeric": 0.0,
      "activities_description": "Legal services",
      "contacted_entities": [],
      "page_number": 14,
      "document_name": "910216.pdf"
    },
    {
      "organization_name": "GERECHTER, Gerhard G.",
      "registration_number": "",
      "foreign_principal_client": "Sozialdemokratische partei Deutschlands, Hannover, Germany",
      "total_finances_reported": "None Reported",
      "money_amount_numeric": 0.0,
      "activities_description": "None Reported",
      "contacted_entities": [],
      "page_number": 14,
      "document_name": "910216.pdf"
    },
    {
      "organization_name": "GERMAN TOURIST INFORMATION O1.1110E",
      "registration_number": "",
      "foreign_principal_client": "German Tourist Association, Frankfurt, Germany",
      "total_finances_reported": "None Reported",
      "money_amount_numeric": 0.0,
      "activities_description": "None Reported",
      "contacted_entities": [],
      "page_number": 14,
      "document_name": "910216.pdf"
    },
    {
      "organization_name": "GIAÑNINI, Güglielmo",
      "registration_number": "",
      "foreign_principal_client": "The Common Man Front, Italy",
      "total_finances_reported": "None Reported",
      "money_amount_numeric": 0.0,
      "activities_description": "None Reported",
      "contacted_entities": [],
      "page_number": 14,
      "document_name": "910216.pdf"
    },
    {
      "organization_name": "GOLDSTEIN, Gustave Louis",
      "registration_number": "",
      "foreign_principal_client": "State of Israel, Tel Aviv",
      "total_finances_reported": "None Reported",
      "money_amount_numeric": 0.0,
      "activities_description": "None Reported",
      "contacted_entities": [],
      "page_number": 14,
      "document_name": "910216.pdf"
    }
  ],
  "INDONESIA": [
    {
      "organization_name": "HILL AND KNOM ON, INC.",
      "registration_number": "606",
      "foreign_principal_client": "Fundo Nacional de Tourismo\nNational Fund of Tourism\nBogota, Colombia",
      "total_finances_reported": null,
      "money_amount_numeric": 0.0,
      "activities_description": null,
      "contacted_entities": [],
      "page_number": 15,
      "document_name": "910216.pdf"
    },
    {
      "organization_name": "HUDSON, Manley O.",
      "registration_number": "610",
      "foreign_principal_client": "Government of Guatemala, Ministry of\nForeign Affairs, Guatemala City",
      "total_finances_reported": null,
      "money_amount_numeric": 0.0,
      "activities_description": null,
      "contacted_entities": [],
      "page_number": 15,
      "document_name": "910216.pdf"
    },
    {
      "organization_name": "ISRAEL NATIONAL TOURIST CENTER",
      "registration_number": "612",
      "foreign_principal_client": "Tourist Department, Ministry of\nImmigration, Government of Israel,\nHakirya",
      "total_finances_reported": null,
      "money_amount_numeric": 0.0,
      "activities_description": null,
      "contacted_entities": [],
      "page_number": 15,
      "document_name": "910216.pdf"
    },
    {
      "organization_name": "KELLY-KRAMER, INC.",
      "registration_number": "614",
      "foreign_principal_client": "Spanish Tourist Office, New York",
      "total_finances_reported": null,
      "money_amount_numeric": 0.0,
      "activities_description": null,
      "contacted_entities": [],
      "page_number": 15,
      "document_name": "910216.pdf"
    },
    {
      "organization_name": "KLA FTER, Ira",
      "registration_number": "620",
      "foreign_principal_client": "Romanian Legation",
      "total_finances_reported": null,
      "money_amount_numeric": 0.0,
      "activities_description": null,
      "contacted_entities": [],
      "page_number": 15,
      "document_name": "910216.pdf"
    },
    {
      "organization_name": "KREISINGER, Robert",
      "registration_number": "629",
      "foreign_principal_client": "USSR Information Bulletin\nEmbassy of the USSR",
      "total_finances_reported": null,
      "money_amount_numeric": 0.0,
      "activities_description": null,
      "contacted_entities": [],
      "page_number": 15,
      "document_name": "910216.pdf"
    },
    {
      "organization_name": "LATTA AND COMPANY",
      "registration_number": "641",
      "foreign_principal_client": "Consul General of Belgium,\nSan Francisco",
      "total_finances_reported": null,
      "money_amount_numeric": 0.0,
      "activities_description": null,
      "contacted_entities": [],
      "page_number": 15,
      "document_name": "910216.pdf"
    },
    {
      "organization_name": "LITOSHKO, Evgeni Vladimirovich",
      "registration_number": "647",
      "foreign_principal_client": "All-Union Radio Committee,\nMoscow, USSR",
      "total_finances_reported": null,
      "money_amount_numeric": 0.0,
      "activities_description": null,
      "contacted_entities": [],
      "page_number": 15,
      "document_name": "910216.pdf"
    },
    {
      "organization_name": "LITTLE, Lester Knox",
      "registration_number": "650",
      "foreign_principal_client": "Mr. C. K. Yen, Minister of Finance,\nTaiwan, China",
      "total_finances_reported": null,
      "money_amount_numeric": 0.0,
      "activities_description": null,
      "contacted_entities": [],
      "page_number": 15,
      "document_name": "910216.pdf"
    },
    {
      "organization_name": "Randolph Feltus",
      "registration_number": "381",
      "foreign_principal_client": "Information Office, Republic of the United States of Indonesia",
      "total_finances_reported": "None Reported",
      "money_amount_numeric": 0.0,
      "activities_description": "",
      "contacted_entities": [],
      "page_number": 30,
      "document_name": "910216.pdf"
    },
    {
      "organization_name": "Robert R. Nathan Associates",
      "registration_number": "352",
      "foreign_principal_client": "Information Office, Republic of the United States of Indonesia",
      "total_finances_reported": "None Reported",
      "money_amount_numeric": 0.0,
      "activities_description": "",
      "contacted_entities": [],
      "page_number": 30,
      "document_name": "910216.pdf"
    },
    {
      "organization_name": "Delson, Levin & Gordon",
      "registration_number": "502",
      "foreign_principal_client": "Information Office, Republic of the United States of Indonesia",
      "total_finances_reported": "None Reported",
      "money_amount_numeric": 0.0,
      "activities_description": "",
      "contacted_entities": [],
      "page_number": 30,
      "document_name": "910216.pdf"
    },
    {
      "organization_name": "Joseph Borkin",
      "registration_number": "534",
      "foreign_principal_client": "Information Office, Republic of the United States of Indonesia",
      "total_finances_reported": "None Reported",
      "money_amount_numeric": 0.0,
      "activities_description": "",
      "contacted_entities": [],
      "page_number": 30,
      "document_name": "910216.pdf"
    },
    {
      "organization_name": "Matthew M. Fox",
      "registration_number": "554",
      "foreign_principal_client": "Information Office, Republic of the United States of Indonesia",
      "total_finances_reported": "None Reported",
      "money_amount_numeric": 0.0,
      "activities_description": "",
      "contacted_entities": [],
      "page_number": 30,
      "document_name": "910216.pdf"
    },
    {
      "organization_name": "The Demby Company",
      "registration_number": "572",
      "foreign_principal_client": "Information Office, Republic of the United States of Indonesia",
      "total_finances_reported": "None Reported",
      "money_amount_numeric": 0.0,
      "activities_description": "",
      "contacted_entities": [],
      "page_number": 30,
      "document_name": "910216.pdf"
    },
    {
      "organization_name": "Jeanne S. Mintz",
      "registration_number": "612",
      "foreign_principal_client": "Information Office, Republic of the United States of Indonesia",
      "total_finances_reported": "None Reported",
      "money_amount_numeric": 0.0,
      "activities_description": "",
      "contacted_entities": [],
      "page_number": 30,
      "document_name": "910216.pdf"
    },
    {
      "organization_name": "Socialist Workers Party",
      "registration_number": "332",
      "foreign_principal_client": "Information Office, Republic of the United States of Indonesia",
      "total_finances_reported": "None Reported",
      "money_amount_numeric": 0.0,
      "activities_description": "",
      "contacted_entities": [],
      "page_number": 30,
      "document_name": "910216.pdf"
    },
    {
      "organization_name": "International Peasant Union",
      "registration_number": "518",
      "foreign_principal_client": "Information Office, Republic of the United States of Indonesia",
      "total_finances_reported": "None Reported",
      "money_amount_numeric": 0.0,
      "activities_description": "",
      "contacted_entities": [],
      "page_number": 30,
      "document_name": "910216.pdf"
    },
    {
      "organization_name": "Representatives in America of the European Travel Commission",
      "registration_number": "574",
      "foreign_principal_client": "Information Office, Republic of the United States of Indonesia",
      "total_finances_reported": "None Reported",
      "money_amount_numeric": 0.0,
      "activities_description": "",
      "contacted_entities": [],
      "page_number": 30,
      "document_name": "910216.pdf"
    }
  ],
  "Netherlands": [
    {
      "organization_name": "NETHERLANDS CHAMBER OF COMMERCE IN THE UNITED STATES (For the Pacific Coast States), INC.",
      "registration_number": "639",
      "foreign_principal_client": "Ministry of Economic Affairs, The Hague",
      "total_finances_reported": "None Reported",
      "money_amount_numeric": 0.0,
      "activities_description": "Trade promotion",
      "contacted_entities": [],
      "page_number": 16,
      "document_name": "910216.pdf"
    },
    {
      "organization_name": "NETHERLANDS NATIONAL TOURIST OliPICE",
      "registration_number": "619",
      "foreign_principal_client": "Algemeene Nederlandsche Vereeniging voor Vreemdelingenverkeer (A.N.V.V.), The Hague",
      "total_finances_reported": "None Reported",
      "money_amount_numeric": 0.0,
      "activities_description": "Travel promotion",
      "contacted_entities": [],
      "page_number": 16,
      "document_name": "910216.pdf"
    }
  ],
  "YUGOSLAVIA": [
    {
      "organization_name": "ROGGE, FABRICANT, GORDON & GOLDMAN",
      "registration_number": "618",
      "foreign_principal_client": "Permanent Mission of the Federal Peoples Republic of Yugoslavia, New York",
      "total_finances_reported": "None Reported",
      "money_amount_numeric": 0.0,
      "activities_description": "General legal counsel",
      "contacted_entities": [],
      "page_number": 17,
      "document_name": "910216.pdf"
    },
    {
      "organization_name": "SOKITCH, Miloye",
      "registration_number": "631",
      "foreign_principal_client": "Yugoslav National Bank",
      "total_finances_reported": "None Reported",
      "money_amount_numeric": 0.0,
      "activities_description": "Political represen-tative",
      "contacted_entities": [],
      "page_number": 17,
      "document_name": "910216.pdf"
    },
    {
      "organization_name": "Yugoslav Information Center",
      "registration_number": "618",
      "foreign_principal_client": "Miloye Sokitch",
      "total_finances_reported": "None Reported",
      "money_amount_numeric": 0.0,
      "activities_description": null,
      "contacted_entities": [],
      "page_number": 46,
      "document_name": "910216.pdf"
    },
    {
      "organization_name": "Rogge, Fabricant, Gordon & Goldman",
      "registration_number": "635",
      "foreign_principal_client": null,
      "total_finances_reported": "None Reported",
      "money_amount_numeric": 0.0,
      "activities_description": null,
      "contacted_entities": [],
      "page_number": 46,
      "document_name": "910216.pdf"
    }
  ],
  "BELGIIIM": [
    {
      "organization_name": "Oscar Cox",
      "registration_number": "341",
      "foreign_principal_client": "",
      "total_finances_reported": "",
      "money_amount_numeric": 0.0,
      "activities_description": "",
      "contacted_entities": [],
      "page_number": 19,
      "document_name": "910216.pdf"
    },
    {
      "organization_name": "Films of the Nations, Inc.",
      "registration_number": "353",
      "foreign_principal_client": "",
      "total_finances_reported": "",
      "money_amount_numeric": 0.0,
      "activities_description": "",
      "contacted_entities": [],
      "page_number": 19,
      "document_name": "910216.pdf"
    },
    {
      "organization_name": "Belgian Government Information Center",
      "registration_number": "405",
      "foreign_principal_client": "",
      "total_finances_reported": "",
      "money_amount_numeric": 0.0,
      "activities_description": "",
      "contacted_entities": [],
      "page_number": 19,
      "document_name": "910216.pdf"
    },
    {
      "organization_name": "Official Belgian Tourist Bureau",
      "registration_number": "529",
      "foreign_principal_client": "",
      "total_finances_reported": "",
      "money_amount_numeric": 0.0,
      "activities_description": "",
      "contacted_entities": [],
      "page_number": 19,
      "document_name": "910216.pdf"
    },
    {
      "organization_name": "Latta and Company",
      "registration_number": "647",
      "foreign_principal_client": "",
      "total_finances_reported": "",
      "money_amount_numeric": 0.0,
      "activities_description": "",
      "contacted_entities": [],
      "page_number": 19,
      "document_name": "910216.pdf"
    }
  ],
  "CANADA": [
    {
      "organization_name": "J. Raymond Hoover",
      "registration_number": "",
      "foreign_principal_client": "",
      "total_finances_reported": "",
      "money_amount_numeric": 0.0,
      "activities_description": "",
      "contacted_entities": [],
      "page_number": 20,
      "document_name": "910216.pdf"
    },
    {
      "organization_name": "Kelly, Nason, Inc.",
      "registration_number": "",
      "foreign_principal_client": "",
      "total_finances_reported": "",
      "money_amount_numeric": 0.0,
      "activities_description": "",
      "contacted_entities": [],
      "page_number": 20,
      "document_name": "910216.pdf"
    },
    {
      "organization_name": "Wendell P. Colton Company",
      "registration_number": "",
      "foreign_principal_client": "",
      "total_finances_reported": "",
      "money_amount_numeric": 0.0,
      "activities_description": "",
      "contacted_entities": [],
      "page_number": 20,
      "document_name": "910216.pdf"
    },
    {
      "organization_name": "Horace H. Powers",
      "registration_number": "",
      "foreign_principal_client": "",
      "total_finances_reported": "",
      "money_amount_numeric": 0.0,
      "activities_description": "",
      "contacted_entities": [],
      "page_number": 20,
      "document_name": "910216.pdf"
    },
    {
      "organization_name": "Wilfrid E. Belleau",
      "registration_number": "",
      "foreign_principal_client": "",
      "total_finances_reported": "",
      "money_amount_numeric": 0.0,
      "activities_description": "",
      "contacted_entities": [],
      "page_number": 20,
      "document_name": "910216.pdf"
    },
    {
      "organization_name": "National Film Board of Canada",
      "registration_number": "",
      "foreign_principal_client": "",
      "total_finances_reported": "",
      "money_amount_numeric": 0.0,
      "activities_description": "",
      "contacted_entities": [],
      "page_number": 20,
      "document_name": "910216.pdf"
    },
    {
      "organization_name": "Province of Quebec Tourist & Publicity Bureau",
      "registration_number": "",
      "foreign_principal_client": "",
      "total_finances_reported": "",
      "money_amount_numeric": 0.0,
      "activities_description": "",
      "contacted_entities": [],
      "page_number": 20,
      "document_name": "910216.pdf"
    }
  ],
  "CHINA": [
    {
      "organization_name": "Wendell P. Colton Company",
      "registration_number": "78",
      "foreign_principal_client": "Corporacion de Fomento de la Produccion",
      "total_finances_reported": "None Reported",
      "money_amount_numeric": 0.0,
      "activities_description": null,
      "contacted_entities": [],
      "page_number": 21,
      "document_name": "910216.pdf"
    },
    {
      "organization_name": "Hamilton Wright Organization, Inc.",
      "registration_number": "428",
      "foreign_principal_client": null,
      "total_finances_reported": "None Reported",
      "money_amount_numeric": 0.0,
      "activities_description": null,
      "contacted_entities": [],
      "page_number": 21,
      "document_name": "910216.pdf"
    },
    {
      "organization_name": "Davies, Richberg, Beebe, Landa & Richardson",
      "registration_number": "585",
      "foreign_principal_client": null,
      "total_finances_reported": "None Reported",
      "money_amount_numeric": 0.0,
      "activities_description": null,
      "contacted_entities": [],
      "page_number": 21,
      "document_name": "910216.pdf"
    },
    {
      "organization_name": "Helen Black",
      "registration_number": "6",
      "foreign_principal_client": "China Institute in America, Inc.",
      "total_finances_reported": "None Reported",
      "money_amount_numeric": 0.0,
      "activities_description": null,
      "contacted_entities": [],
      "page_number": 21,
      "document_name": "910216.pdf"
    },
    {
      "organization_name": "Kuomintang of China, Headquarters in America",
      "registration_number": "282",
      "foreign_principal_client": null,
      "total_finances_reported": "None Reported",
      "money_amount_numeric": 0.0,
      "activities_description": null,
      "contacted_entities": [],
      "page_number": 21,
      "document_name": "910216.pdf"
    },
    {
      "organization_name": "Transocean Commerce, Inc.",
      "registration_number": "",
      "foreign_principal_client": null,
      "total_finances_reported": "None Reported",
      "money_amount_numeric": 0.0,
      "activities_description": null,
      "contacted_entities": [],
      "page_number": 21,
      "document_name": "910216.pdf"
    },
    {
      "organization_name": "Dr. Shou—Chlun bong",
      "registration_number": "",
      "foreign_principal_client": "Central News Agency of China, New York Bureau",
      "total_finances_reported": "None Reported",
      "money_amount_numeric": 0.0,
      "activities_description": null,
      "contacted_entities": [],
      "page_number": 21,
      "document_name": "910216.pdf"
    },
    {
      "organization_name": "Chinese News Service",
      "registration_number": "",
      "foreign_principal_client": null,
      "total_finances_reported": "None Reported",
      "money_amount_numeric": 0.0,
      "activities_description": null,
      "contacted_entities": [],
      "page_number": 21,
      "document_name": "910216.pdf"
    }
  ],
  "COLOMBIA": [
    {
      "organization_name": "Pan-American Coffee Bureau",
      "registration_number": "406",
      "foreign_principal_client": null,
      "total_finances_reported": null,
      "money_amount_numeric": 0.0,
      "activities_description": null,
      "contacted_entities": [],
      "page_number": 22,
      "document_name": "910216.pdf"
    },
    {
      "organization_name": "Hill & Knowlton, Inc.",
      "registration_number": "606",
      "foreign_principal_client": null,
      "total_finances_reported": null,
      "money_amount_numeric": 0.0,
      "activities_description": null,
      "contacted_entities": [],
      "page_number": 23,
      "document_name": "910216.pdf"
    }
  ],
  "COSTA RICA": [
    {
      "organization_name": "Wendell. P. Colton Company",
      "registration_number": "78",
      "foreign_principal_client": "Pan-American Coffee Bureau",
      "total_finances_reported": null,
      "money_amount_numeric": 0.0,
      "activities_description": null,
      "contacted_entities": [],
      "page_number": 23,
      "document_name": "910216.pdf"
    },
    {
      "organization_name": "Pan-American Coffee Bureau",
      "registration_number": "406",
      "foreign_principal_client": null,
      "total_finances_reported": null,
      "money_amount_numeric": 0.0,
      "activities_description": null,
      "contacted_entities": [],
      "page_number": 23,
      "document_name": "910216.pdf"
    }
  ],
  "CUBA": [
    {
      "organization_name": "Wendell P. Colton Company",
      "registration_number": "78",
      "foreign_principal_client": null,
      "total_finances_reported": null,
      "money_amount_numeric": 0.0,
      "activities_description": null,
      "contacted_entities": [],
      "page_number": 23,
      "document_name": "910216.pdf"
    },
    {
      "organization_name": "United States Cuban Sugar Council",
      "registration_number": "347",
      "foreign_principal_client": null,
      "total_finances_reported": null,
      "money_amount_numeric": 0.0,
      "activities_description": null,
      "contacted_entities": [],
      "page_number": 23,
      "document_name": "910216.pdf"
    },
    {
      "organization_name": "Cuban Tourist Commission (Miami Office)",
      "registration_number": "390",
      "foreign_principal_client": null,
      "total_finances_reported": null,
      "money_amount_numeric": 0.0,
      "activities_description": null,
      "contacted_entities": [],
      "page_number": 23,
      "document_name": "910216.pdf"
    },
    {
      "organization_name": "Pan—American Coffee Bureau",
      "registration_number": "406",
      "foreign_principal_client": null,
      "total_finances_reported": null,
      "money_amount_numeric": 0.0,
      "activities_description": null,
      "contacted_entities": [],
      "page_number": 23,
      "document_name": "910216.pdf"
    }
  ],
  "CZECHOSLOVAKIA": [
    {
      "organization_name": "Helen Black",
      "registration_number": "6",
      "foreign_principal_client": null,
      "total_finances_reported": null,
      "money_amount_numeric": 0.0,
      "activities_description": null,
      "contacted_entities": [],
      "page_number": 23,
      "document_name": "910216.pdf"
    },
    {
      "organization_name": "Artkino Pictures, Inc.",
      "registration_number": "103",
      "foreign_principal_client": null,
      "total_finances_reported": null,
      "money_amount_numeric": 0.0,
      "activities_description": null,
      "contacted_entities": [],
      "page_number": 23,
      "document_name": "910216.pdf"
    },
    {
      "organization_name": "Centex, Inc.",
      "registration_number": "598",
      "foreign_principal_client": null,
      "total_finances_reported": null,
      "money_amount_numeric": 0.0,
      "activities_description": null,
      "contacted_entities": [],
      "page_number": 23,
      "document_name": "910216.pdf"
    }
  ],
  "DENMARK": [
    {
      "organization_name": "Wendell P. Colton Co.",
      "registration_number": "78",
      "foreign_principal_client": "Films of the Nations, Inc.",
      "total_finances_reported": "None Reported",
      "money_amount_numeric": 0.0,
      "activities_description": "None Reported",
      "contacted_entities": [],
      "page_number": 24,
      "document_name": "910216.pdf"
    },
    {
      "organization_name": "Danish Information Office",
      "registration_number": "470",
      "foreign_principal_client": "None Reported",
      "total_finances_reported": "None Reported",
      "money_amount_numeric": 0.0,
      "activities_description": "None Reported",
      "contacted_entities": [],
      "page_number": 24,
      "document_name": "910216.pdf"
    },
    {
      "organization_name": "Covington, Burling, Rublee, O'Brian & Shorb",
      "registration_number": "523",
      "foreign_principal_client": "Danish National Travel Office",
      "total_finances_reported": "None Reported",
      "money_amount_numeric": 0.0,
      "activities_description": "None Reported",
      "contacted_entities": [],
      "page_number": 24,
      "document_name": "910216.pdf"
    }
  ],
  "DOMINICAN REPUBLIC": [
    {
      "organization_name": "The Dominican Chamber of Commerce in the United States, Inc.",
      "registration_number": "197",
      "foreign_principal_client": "None Reported",
      "total_finances_reported": "None Reported",
      "money_amount_numeric": 0.0,
      "activities_description": "None Reported",
      "contacted_entities": [],
      "page_number": 24,
      "document_name": "910216.pdf"
    },
    {
      "organization_name": "Pan—American Coffee Bureau",
      "registration_number": "406",
      "foreign_principal_client": "None Reported",
      "total_finances_reported": "None Reported",
      "money_amount_numeric": 0.0,
      "activities_description": "None Reported",
      "contacted_entities": [],
      "page_number": 24,
      "document_name": "910216.pdf"
    },
    {
      "organization_name": "Cummings, Stanley, Truitt & Cross",
      "registration_number": "420",
      "foreign_principal_client": "None Reported",
      "total_finances_reported": "None Reported",
      "money_amount_numeric": 0.0,
      "activities_description": "None Reported",
      "contacted_entities": [],
      "page_number": 24,
      "document_name": "910216.pdf"
    },
    {
      "organization_name": "Charles Alton McLaughlin",
      "registration_number": "488",
      "foreign_principal_client": "None Reported",
      "total_finances_reported": "None Reported",
      "money_amount_numeric": 0.0,
      "activities_description": "None Reported",
      "contacted_entities": [],
      "page_number": 24,
      "document_name": "910216.pdf"
    },
    {
      "organization_name": "Dominican Republic Information Center",
      "registration_number": "506",
      "foreign_principal_client": "None Reported",
      "total_finances_reported": "None Reported",
      "money_amount_numeric": 0.0,
      "activities_description": "None Reported",
      "contacted_entities": [],
      "page_number": 24,
      "document_name": "910216.pdf"
    },
    {
      "organization_name": "Francisco C. Banda",
      "registration_number": "626",
      "foreign_principal_client": "None Reported",
      "total_finances_reported": "None Reported",
      "money_amount_numeric": 0.0,
      "activities_description": "None Reported",
      "contacted_entities": [],
      "page_number": 24,
      "document_name": "910216.pdf"
    },
    {
      "organization_name": "Culbertson, Briggs & Pendleton",
      "registration_number": "637",
      "foreign_principal_client": "",
      "total_finances_reported": "",
      "money_amount_numeric": 0.0,
      "activities_description": "",
      "contacted_entities": [],
      "page_number": 25,
      "document_name": "910216.pdf"
    }
  ],
  "EAST AFRICA": [
    {
      "organization_name": "The Caples Company",
      "registration_number": "34",
      "foreign_principal_client": "",
      "total_finances_reported": "",
      "money_amount_numeric": 0.0,
      "activities_description": "",
      "contacted_entities": [],
      "page_number": 25,
      "document_name": "910216.pdf"
    },
    {
      "organization_name": "Emil Hurja",
      "registration_number": "407",
      "foreign_principal_client": "",
      "total_finances_reported": "",
      "money_amount_numeric": 0.0,
      "activities_description": "",
      "contacted_entities": [],
      "page_number": 25,
      "document_name": "910216.pdf"
    },
    {
      "organization_name": "Hamilton Wright Organization, Inc.",
      "registration_number": "428",
      "foreign_principal_client": "",
      "total_finances_reported": "",
      "money_amount_numeric": 0.0,
      "activities_description": "",
      "contacted_entities": [],
      "page_number": 25,
      "document_name": "910216.pdf"
    },
    {
      "organization_name": "Culbertson, Briggs & Pendleton",
      "registration_number": "637",
      "foreign_principal_client": "",
      "total_finances_reported": "",
      "money_amount_numeric": 0.0,
      "activities_description": "",
      "contacted_entities": [],
      "page_number": 25,
      "document_name": "910216.pdf"
    }
  ],
  "EGYPT": [
    {
      "organization_name": "Egyptian Information Center",
      "registration_number": "648",
      "foreign_principal_client": "",
      "total_finances_reported": "",
      "money_amount_numeric": 0.0,
      "activities_description": "",
      "contacted_entities": [],
      "page_number": 25,
      "document_name": "910216.pdf"
    }
  ],
  "EL SALVADOR": [
    {
      "organization_name": "Pan—American Coffee Bureau",
      "registration_number": "406",
      "foreign_principal_client": "",
      "total_finances_reported": "",
      "money_amount_numeric": 0.0,
      "activities_description": "",
      "contacted_entities": [],
      "page_number": 25,
      "document_name": "910216.pdf"
    }
  ],
  "ESTONIA": [
    {
      "organization_name": "Charles Becht",
      "registration_number": "101",
      "foreign_principal_client": "",
      "total_finances_reported": "",
      "money_amount_numeric": 0.0,
      "activities_description": "",
      "contacted_entities": [],
      "page_number": 25,
      "document_name": "910216.pdf"
    },
    {
      "organization_name": "David Drucker",
      "registration_number": "108",
      "foreign_principal_client": "",
      "total_finances_reported": "",
      "money_amount_numeric": 0.0,
      "activities_description": "",
      "contacted_entities": [],
      "page_number": 25,
      "document_name": "910216.pdf"
    },
    {
      "organization_name": "World Association of Estonians, lnc.",
      "registration_number": "124",
      "foreign_principal_client": "Kaarel Robert Pusta, Sr.",
      "total_finances_reported": "None Reported",
      "money_amount_numeric": 0.0,
      "activities_description": null,
      "contacted_entities": [],
      "page_number": 26,
      "document_name": "910216.pdf"
    },
    {
      "organization_name": "Consulate General of Estonia",
      "registration_number": "256",
      "foreign_principal_client": null,
      "total_finances_reported": "None Reported",
      "money_amount_numeric": 0.0,
      "activities_description": null,
      "contacted_entities": [],
      "page_number": 26,
      "document_name": "910216.pdf"
    },
    {
      "organization_name": "Pehle & Lesser",
      "registration_number": "439",
      "foreign_principal_client": "Emil Hurja",
      "total_finances_reported": "None Reported",
      "money_amount_numeric": 0.0,
      "activities_description": null,
      "contacted_entities": [],
      "page_number": 26,
      "document_name": "910216.pdf"
    },
    {
      "organization_name": "Finnish National Travel Office",
      "registration_number": "407",
      "foreign_principal_client": null,
      "total_finances_reported": "None Reported",
      "money_amount_numeric": 0.0,
      "activities_description": null,
      "contacted_entities": [],
      "page_number": 26,
      "document_name": "910216.pdf"
    },
    {
      "organization_name": "Compagnie Generale Transatlantique",
      "registration_number": "573",
      "foreign_principal_client": null,
      "total_finances_reported": "None Reported",
      "money_amount_numeric": 0.0,
      "activities_description": null,
      "contacted_entities": [],
      "page_number": 26,
      "document_name": "910216.pdf"
    },
    {
      "organization_name": "Chambre de Commerce Francaise des\nEtats-finis, Inc. (French Chamber of\nCommerce of the U. S., Inc.)",
      "registration_number": "62",
      "foreign_principal_client": null,
      "total_finances_reported": "None Reported",
      "money_amount_numeric": 0.0,
      "activities_description": null,
      "contacted_entities": [],
      "page_number": 26,
      "document_name": "910216.pdf"
    },
    {
      "organization_name": "Agence France—Presse",
      "registration_number": "167",
      "foreign_principal_client": null,
      "total_finances_reported": "None Reported",
      "money_amount_numeric": 0.0,
      "activities_description": null,
      "contacted_entities": [],
      "page_number": 26,
      "document_name": "910216.pdf"
    },
    {
      "organization_name": "Oscar Cox",
      "registration_number": "223",
      "foreign_principal_client": null,
      "total_finances_reported": "None Reported",
      "money_amount_numeric": 0.0,
      "activities_description": null,
      "contacted_entities": [],
      "page_number": 26,
      "document_name": "910216.pdf"
    },
    {
      "organization_name": "French National Railroads",
      "registration_number": "341",
      "foreign_principal_client": null,
      "total_finances_reported": "None Reported",
      "money_amount_numeric": 0.0,
      "activities_description": null,
      "contacted_entities": [],
      "page_number": 26,
      "document_name": "910216.pdf"
    }
  ],
  "FINLAND": [],
  "FRANCE": [
    {
      "organization_name": "French Government Tourist Office",
      "registration_number": "364",
      "foreign_principal_client": "French Government Tourist Office",
      "total_finances_reported": null,
      "money_amount_numeric": 0.0,
      "activities_description": null,
      "contacted_entities": [],
      "page_number": 27,
      "document_name": "910216.pdf"
    },
    {
      "organization_name": "The French Broadcasting System in North America",
      "registration_number": "479",
      "foreign_principal_client": "The French Broadcasting System in North America",
      "total_finances_reported": null,
      "money_amount_numeric": 0.0,
      "activities_description": null,
      "contacted_entities": [],
      "page_number": 27,
      "document_name": "910216.pdf"
    },
    {
      "organization_name": "Cleary, Gottlieb, Friendly & Cox",
      "registration_number": "508",
      "foreign_principal_client": null,
      "total_finances_reported": null,
      "money_amount_numeric": 0.0,
      "activities_description": null,
      "contacted_entities": [],
      "page_number": 27,
      "document_name": "910216.pdf"
    },
    {
      "organization_name": "Gregory Lounz",
      "registration_number": "593",
      "foreign_principal_client": null,
      "total_finances_reported": null,
      "money_amount_numeric": 0.0,
      "activities_description": null,
      "contacted_entities": [],
      "page_number": 27,
      "document_name": "910216.pdf"
    },
    {
      "organization_name": "Arnold W. Knauth",
      "registration_number": "599",
      "foreign_principal_client": null,
      "total_finances_reported": null,
      "money_amount_numeric": 0.0,
      "activities_description": null,
      "contacted_entities": [],
      "page_number": 27,
      "document_name": "910216.pdf"
    },
    {
      "organization_name": "Dr. Fritz Corsing",
      "registration_number": "616",
      "foreign_principal_client": null,
      "total_finances_reported": null,
      "money_amount_numeric": 0.0,
      "activities_description": null,
      "contacted_entities": [],
      "page_number": 27,
      "document_name": "910216.pdf"
    },
    {
      "organization_name": "German Tourist Information Office",
      "registration_number": "644",
      "foreign_principal_client": null,
      "total_finances_reported": null,
      "money_amount_numeric": 0.0,
      "activities_description": null,
      "contacted_entities": [],
      "page_number": 27,
      "document_name": "910216.pdf"
    },
    {
      "organization_name": "Stephen Goerl Associates, Inc.",
      "registration_number": "645",
      "foreign_principal_client": null,
      "total_finances_reported": null,
      "money_amount_numeric": 0.0,
      "activities_description": null,
      "contacted_entities": [],
      "page_number": 27,
      "document_name": "910216.pdf"
    },
    {
      "organization_name": "Gerhard G. Gerechter",
      "registration_number": null,
      "foreign_principal_client": null,
      "total_finances_reported": null,
      "money_amount_numeric": 0.0,
      "activities_description": null,
      "contacted_entities": [],
      "page_number": 27,
      "document_name": "910216.pdf"
    }
  ],
  "ETHIOPIA": [],
  "GREAT BRITAIN": [
    {
      "organization_name": "The Caples Company",
      "registration_number": "34",
      "foreign_principal_client": null,
      "total_finances_reported": null,
      "money_amount_numeric": 0.0,
      "activities_description": null,
      "contacted_entities": [],
      "page_number": 27,
      "document_name": "910216.pdf"
    },
    {
      "organization_name": "Wendell P. Colton Company",
      "registration_number": "78",
      "foreign_principal_client": null,
      "total_finances_reported": null,
      "money_amount_numeric": 0.0,
      "activities_description": null,
      "contacted_entities": [],
      "page_number": 27,
      "document_name": "910216.pdf"
    },
    {
      "organization_name": "Films of the Nations, Inc.",
      "registration_number": "353",
      "foreign_principal_client": "British Information Services",
      "total_finances_reported": "None Reported",
      "money_amount_numeric": 0.0,
      "activities_description": "None Reported",
      "contacted_entities": [],
      "page_number": 28,
      "document_name": "910216.pdf"
    },
    {
      "organization_name": "British Information Services",
      "registration_number": "481",
      "foreign_principal_client": "British Information Services",
      "total_finances_reported": "None Reported",
      "money_amount_numeric": 0.0,
      "activities_description": "None Reported",
      "contacted_entities": [],
      "page_number": 28,
      "document_name": "910216.pdf"
    },
    {
      "organization_name": "North American Office of the British Broadcasting Corporation",
      "registration_number": "505",
      "foreign_principal_client": "British Broadcasting Corporation",
      "total_finances_reported": "None Reported",
      "money_amount_numeric": 0.0,
      "activities_description": "None Reported",
      "contacted_entities": [],
      "page_number": 28,
      "document_name": "910216.pdf"
    },
    {
      "organization_name": "British Broadcasting Corporation Regional News Office",
      "registration_number": "514",
      "foreign_principal_client": "British Broadcasting Corporation",
      "total_finances_reported": "None Reported",
      "money_amount_numeric": 0.0,
      "activities_description": "None Reported",
      "contacted_entities": [],
      "page_number": 28,
      "document_name": "910216.pdf"
    },
    {
      "organization_name": "Brigadier John W. F. Treadvuell",
      "registration_number": "520",
      "foreign_principal_client": "None Reported",
      "total_finances_reported": "None Reported",
      "money_amount_numeric": 0.0,
      "activities_description": "None Reported",
      "contacted_entities": [],
      "page_number": 28,
      "document_name": "910216.pdf"
    },
    {
      "organization_name": "Intelligence publishing Co., Inc.",
      "registration_number": "575",
      "foreign_principal_client": "None Reported",
      "total_finances_reported": "None Reported",
      "money_amount_numeric": 0.0,
      "activities_description": "None Reported",
      "contacted_entities": [],
      "page_number": 28,
      "document_name": "910216.pdf"
    },
    {
      "organization_name": "British Travel Association",
      "registration_number": "579",
      "foreign_principal_client": "None Reported",
      "total_finances_reported": "None Reported",
      "money_amount_numeric": 0.0,
      "activities_description": "None Reported",
      "contacted_entities": [],
      "page_number": 28,
      "document_name": "910216.pdf"
    },
    {
      "organization_name": "Pan—American Coffee Bureau",
      "registration_number": "406",
      "foreign_principal_client": "None Reported",
      "total_finances_reported": "None Reported",
      "money_amount_numeric": 0.0,
      "activities_description": "None Reported",
      "contacted_entities": [],
      "page_number": 28,
      "document_name": "910216.pdf"
    },
    {
      "organization_name": "Win Nathanson & Associates, Inc.",
      "registration_number": "653",
      "foreign_principal_client": "None Reported",
      "total_finances_reported": "None Reported",
      "money_amount_numeric": 0.0,
      "activities_description": "None Reported",
      "contacted_entities": [],
      "page_number": 28,
      "document_name": "910216.pdf"
    },
    {
      "organization_name": "Hamilton Wright Organization, Inc.",
      "registration_number": "428",
      "foreign_principal_client": "None Reported",
      "total_finances_reported": "None Reported",
      "money_amount_numeric": 0.0,
      "activities_description": "None Reported",
      "contacted_entities": [],
      "page_number": 28,
      "document_name": "910216.pdf"
    },
    {
      "organization_name": "Raymond Pace Alexander",
      "registration_number": "462",
      "foreign_principal_client": "None Reported",
      "total_finances_reported": "None Reported",
      "money_amount_numeric": 0.0,
      "activities_description": "None Reported",
      "contacted_entities": [],
      "page_number": 28,
      "document_name": "910216.pdf"
    }
  ],
  "HONDURAS": [
    {
      "organization_name": "Pan American Coffee Bureau",
      "registration_number": "406",
      "foreign_principal_client": "",
      "total_finances_reported": "",
      "money_amount_numeric": 0.0,
      "activities_description": "",
      "contacted_entities": [],
      "page_number": 29,
      "document_name": "910216.pdf"
    }
  ],
  "HUNGARY": [
    {
      "organization_name": "Helen Black",
      "registration_number": "6",
      "foreign_principal_client": "",
      "total_finances_reported": "",
      "money_amount_numeric": 0.0,
      "activities_description": "",
      "contacted_entities": [],
      "page_number": 29,
      "document_name": "910216.pdf"
    },
    {
      "organization_name": "Artkino Pictures, Inc.",
      "registration_number": "601",
      "foreign_principal_client": "",
      "total_finances_reported": "",
      "money_amount_numeric": 0.0,
      "activities_description": "",
      "contacted_entities": [],
      "page_number": 29,
      "document_name": "910216.pdf"
    },
    {
      "organization_name": "Laszlo Agh",
      "registration_number": "652",
      "foreign_principal_client": "",
      "total_finances_reported": "",
      "money_amount_numeric": 0.0,
      "activities_description": "",
      "contacted_entities": [],
      "page_number": 29,
      "document_name": "910216.pdf"
    },
    {
      "organization_name": "Captain Pedlow' s European Relief Package Service, Inc.",
      "registration_number": "103",
      "foreign_principal_client": "",
      "total_finances_reported": "",
      "money_amount_numeric": 0.0,
      "activities_description": "",
      "contacted_entities": [],
      "page_number": 29,
      "document_name": "910216.pdf"
    }
  ],
  "HYDERABAD": [
    {
      "organization_name": "Clyde Eag1eton",
      "registration_number": "588",
      "foreign_principal_client": "",
      "total_finances_reported": "",
      "money_amount_numeric": 0.0,
      "activities_description": "",
      "contacted_entities": [],
      "page_number": 29,
      "document_name": "910216.pdf"
    }
  ],
  "INDIA": [
    {
      "organization_name": "Government of India Information Services",
      "registration_number": "507",
      "foreign_principal_client": "",
      "total_finances_reported": "",
      "money_amount_numeric": 0.0,
      "activities_description": "",
      "contacted_entities": [],
      "page_number": 29,
      "document_name": "910216.pdf"
    },
    {
      "organization_name": "The Mysore Company",
      "registration_number": "",
      "foreign_principal_client": "",
      "total_finances_reported": "",
      "money_amount_numeric": 0.0,
      "activities_description": "",
      "contacted_entities": [],
      "page_number": 29,
      "document_name": "910216.pdf"
    },
    {
      "organization_name": "Fred Rosen",
      "registration_number": "s29",
      "foreign_principal_client": "",
      "total_finances_reported": "",
      "money_amount_numeric": 0.0,
      "activities_description": "",
      "contacted_entities": [],
      "page_number": 29,
      "document_name": "910216.pdf"
    }
  ],
  "IRAN": [
    {
      "organization_name": "J. M. Mathes, Inc.",
      "registration_number": "590",
      "foreign_principal_client": "IMAND",
      "total_finances_reported": "",
      "money_amount_numeric": 0.0,
      "activities_description": "",
      "contacted_entities": [],
      "page_number": 31,
      "document_name": "910216.pdf"
    },
    {
      "organization_name": "Covington, Burling, Rublee, O+Brian and Shorb",
      "registration_number": "523",
      "foreign_principal_client": "",
      "total_finances_reported": "",
      "money_amount_numeric": 0.0,
      "activities_description": "",
      "contacted_entities": [],
      "page_number": 31,
      "document_name": "910216.pdf"
    },
    {
      "organization_name": "The Caples Company",
      "registration_number": "34",
      "foreign_principal_client": "",
      "total_finances_reported": "",
      "money_amount_numeric": 0.0,
      "activities_description": "",
      "contacted_entities": [],
      "page_number": 31,
      "document_name": "910216.pdf"
    }
  ],
  "ITALY": [
    {
      "organization_name": "Israel National Tourist Center",
      "registration_number": "620",
      "foreign_principal_client": "",
      "total_finances_reported": "",
      "money_amount_numeric": 0.0,
      "activities_description": "",
      "contacted_entities": [],
      "page_number": 32,
      "document_name": "910216.pdf"
    },
    {
      "organization_name": "Foreign Supply Company, Inc.",
      "registration_number": "627",
      "foreign_principal_client": "",
      "total_finances_reported": "",
      "money_amount_numeric": 0.0,
      "activities_description": "",
      "contacted_entities": [],
      "page_number": 32,
      "document_name": "910216.pdf"
    },
    {
      "organization_name": "Kelly, Nason, Inc.",
      "registration_number": "71",
      "foreign_principal_client": "",
      "total_finances_reported": "",
      "money_amount_numeric": 0.0,
      "activities_description": "",
      "contacted_entities": [],
      "page_number": 32,
      "document_name": "910216.pdf"
    },
    {
      "organization_name": "Oscar Cox",
      "registration_number": "341",
      "foreign_principal_client": "",
      "total_finances_reported": "",
      "money_amount_numeric": 0.0,
      "activities_description": "",
      "contacted_entities": [],
      "page_number": 32,
      "document_name": "910216.pdf"
    },
    {
      "organization_name": "Hamilton Wright Organization, Inc.",
      "registration_number": "428",
      "foreign_principal_client": "",
      "total_finances_reported": "",
      "money_amount_numeric": 0.0,
      "activities_description": "",
      "contacted_entities": [],
      "page_number": 32,
      "document_name": "910216.pdf"
    },
    {
      "organization_name": "CIT Travel Service, Inc.",
      "registration_number": "465",
      "foreign_principal_client": "",
      "total_finances_reported": "",
      "money_amount_numeric": 0.0,
      "activities_description": "",
      "contacted_entities": [],
      "page_number": 32,
      "document_name": "910216.pdf"
    },
    {
      "organization_name": "Italian State Tourist Office",
      "registration_number": "568",
      "foreign_principal_client": "Guglielmo Giannini",
      "total_finances_reported": "63.5",
      "money_amount_numeric": 63.5,
      "activities_description": "",
      "contacted_entities": [],
      "page_number": 33,
      "document_name": "910216.pdf"
    }
  ],
  "KOREA": [
    {
      "organization_name": "John W. Staggers",
      "registration_number": "22",
      "foreign_principal_client": "",
      "total_finances_reported": "",
      "money_amount_numeric": 0.0,
      "activities_description": "",
      "contacted_entities": [],
      "page_number": 33,
      "document_name": "910216.pdf"
    },
    {
      "organization_name": "Robert T. Oliver",
      "registration_number": "556",
      "foreign_principal_client": "",
      "total_finances_reported": "",
      "money_amount_numeric": 0.0,
      "activities_description": "",
      "contacted_entities": [],
      "page_number": 33,
      "document_name": "910216.pdf"
    },
    {
      "organization_name": "The Independent Syndicate, Inc.",
      "registration_number": "82",
      "foreign_principal_client": "",
      "total_finances_reported": "",
      "money_amount_numeric": 0.0,
      "activities_description": "",
      "contacted_entities": [],
      "page_number": 33,
      "document_name": "910216.pdf"
    }
  ],
  "LATVIA": [
    {
      "organization_name": "Federal Advertising Agency, Inc.",
      "registration_number": "649",
      "foreign_principal_client": "Robert T.L. Lave, Jr.",
      "total_finances_reported": "46",
      "money_amount_numeric": 46.0,
      "activities_description": "",
      "contacted_entities": [],
      "page_number": 33,
      "document_name": "910216.pdf"
    },
    {
      "organization_name": "Charles Recht",
      "registration_number": "101",
      "foreign_principal_client": "",
      "total_finances_reported": "",
      "money_amount_numeric": 0.0,
      "activities_description": "",
      "contacted_entities": [],
      "page_number": 33,
      "document_name": "910216.pdf"
    },
    {
      "organization_name": "David Drucker",
      "registration_number": "108",
      "foreign_principal_client": "",
      "total_finances_reported": "",
      "money_amount_numeric": 0.0,
      "activities_description": "",
      "contacted_entities": [],
      "page_number": 33,
      "document_name": "910216.pdf"
    }
  ],
  "LATID AMERICA": [
    {
      "organization_name": "Selvage & Lee",
      "registration_number": "628",
      "foreign_principal_client": "",
      "total_finances_reported": "",
      "money_amount_numeric": 0.0,
      "activities_description": "",
      "contacted_entities": [],
      "page_number": 33,
      "document_name": "910216.pdf"
    }
  ],
  "MEXICO": [],
  "NETHERLANDS": [
    {
      "organization_name": "Netherlands National Tourist Office",
      "registration_number": "619",
      "foreign_principal_client": null,
      "total_finances_reported": null,
      "money_amount_numeric": 0.0,
      "activities_description": null,
      "contacted_entities": [],
      "page_number": 37,
      "document_name": "910216.pdf"
    },
    {
      "organization_name": "Netherlands Chamber of Commerce in the United States (for the Pacific Coast States), Inc.",
      "registration_number": "639",
      "foreign_principal_client": null,
      "total_finances_reported": null,
      "money_amount_numeric": 0.0,
      "activities_description": null,
      "contacted_entities": [],
      "page_number": 37,
      "document_name": "910216.pdf"
    }
  ],
  "NEW ZEALAND": [
    {
      "organization_name": "Hugh C. Tennant",
      "registration_number": "422",
      "foreign_principal_client": null,
      "total_finances_reported": null,
      "money_amount_numeric": 0.0,
      "activities_description": null,
      "contacted_entities": [],
      "page_number": 37,
      "document_name": "910216.pdf"
    }
  ],
  "NICARAGUA": [
    {
      "organization_name": "Rafael J. Urruela",
      "registration_number": "504",
      "foreign_principal_client": null,
      "total_finances_reported": null,
      "money_amount_numeric": 0.0,
      "activities_description": null,
      "contacted_entities": [],
      "page_number": 37,
      "document_name": "910216.pdf"
    }
  ],
  "NORWAY": [
    {
      "organization_name": "Wendell P. Colton Company",
      "registration_number": "78",
      "foreign_principal_client": null,
      "total_finances_reported": null,
      "money_amount_numeric": 0.0,
      "activities_description": null,
      "contacted_entities": [],
      "page_number": 37,
      "document_name": "910216.pdf"
    },
    {
      "organization_name": "The Norwegian American Chamber of Commerce, Inc.",
      "registration_number": "353",
      "foreign_principal_client": null,
      "total_finances_reported": null,
      "money_amount_numeric": 0.0,
      "activities_description": null,
      "contacted_entities": [],
      "page_number": 37,
      "document_name": "910216.pdf"
    },
    {
      "organization_name": "Films of the Nations, Inc.",
      "registration_number": "436",
      "foreign_principal_client": null,
      "total_finances_reported": null,
      "money_amount_numeric": 0.0,
      "activities_description": null,
      "contacted_entities": [],
      "page_number": 37,
      "document_name": "910216.pdf"
    },
    {
      "organization_name": "Royal Norwegian Information Services",
      "registration_number": "400",
      "foreign_principal_client": null,
      "total_finances_reported": null,
      "money_amount_numeric": 0.0,
      "activities_description": null,
      "contacted_entities": [],
      "page_number": 37,
      "document_name": "910216.pdf"
    },
    {
      "organization_name": "Hallvard Hillestad",
      "registration_number": "526",
      "foreign_principal_client": null,
      "total_finances_reported": null,
      "money_amount_numeric": 0.0,
      "activities_description": null,
      "contacted_entities": [],
      "page_number": 37,
      "document_name": "910216.pdf"
    },
    {
      "organization_name": "Norwegian National Travel Office",
      "registration_number": null,
      "foreign_principal_client": null,
      "total_finances_reported": null,
      "money_amount_numeric": 0.0,
      "activities_description": null,
      "contacted_entities": [],
      "page_number": 37,
      "document_name": "910216.pdf"
    },
    {
      "organization_name": "National Lecture Management",
      "registration_number": "638",
      "foreign_principal_client": null,
      "total_finances_reported": null,
      "money_amount_numeric": 0.0,
      "activities_description": null,
      "contacted_entities": [],
      "page_number": 38,
      "document_name": "910216.pdf"
    }
  ],
  "PAKISTAN": [
    {
      "organization_name": "Covington, Burling, Rublee, O'Brian & Shorb",
      "registration_number": "523",
      "foreign_principal_client": null,
      "total_finances_reported": null,
      "money_amount_numeric": 0.0,
      "activities_description": null,
      "contacted_entities": [],
      "page_number": 38,
      "document_name": "910216.pdf"
    }
  ],
  "PANAMA": [
    {
      "organization_name": "Charles W. Hoyt Co., Inc.",
      "registration_number": "361",
      "foreign_principal_client": "Panama National Tourist Commission",
      "total_finances_reported": null,
      "money_amount_numeric": 0.0,
      "activities_description": null,
      "contacted_entities": [],
      "page_number": 38,
      "document_name": "910216.pdf"
    },
    {
      "organization_name": "Davies, Richberg, Beebe, Landa & Richardson",
      "registration_number": "5851",
      "foreign_principal_client": null,
      "total_finances_reported": null,
      "money_amount_numeric": 0.0,
      "activities_description": null,
      "contacted_entities": [],
      "page_number": 38,
      "document_name": "910216.pdf"
    }
  ],
  "PERU": [
    {
      "organization_name": "Wendell P. Colton Company",
      "registration_number": "78",
      "foreign_principal_client": null,
      "total_finances_reported": null,
      "money_amount_numeric": 0.0,
      "activities_description": null,
      "contacted_entities": [],
      "page_number": 38,
      "document_name": "910216.pdf"
    },
    {
      "organization_name": "Covington, Burling, Rublee, O'Brian & Shorb",
      "registration_number": "523",
      "foreign_principal_client": null,
      "total_finances_reported": null,
      "money_amount_numeric": 0.0,
      "activities_description": null,
      "contacted_entities": [],
      "page_number": 38,
      "document_name": "910216.pdf"
    }
  ],
  "PHILIPPINE REPUBLIC": [
    {
      "organization_name": "Vincente Albano Pacis",
      "registration_number": "592",
      "foreign_principal_client": null,
      "total_finances_reported": null,
      "money_amount_numeric": 0.0,
      "activities_description": null,
      "contacted_entities": [],
      "page_number": 38,
      "document_name": "910216.pdf"
    }
  ],
  "POLAND": [
    {
      "organization_name": "Helen Black",
      "registration_number": "6",
      "foreign_principal_client": null,
      "total_finances_reported": null,
      "money_amount_numeric": 0.0,
      "activities_description": null,
      "contacted_entities": [],
      "page_number": 38,
      "document_name": "910216.pdf"
    }
  ],
  "PORTUGAL": [
    {
      "organization_name": "Casa de Portugal",
      "registration_number": "",
      "foreign_principal_client": null,
      "total_finances_reported": null,
      "money_amount_numeric": 0.0,
      "activities_description": null,
      "contacted_entities": [],
      "page_number": 39,
      "document_name": "910216.pdf"
    }
  ],
  "RUMANIA": [
    {
      "organization_name": "Ira Klafter",
      "registration_number": "629",
      "foreign_principal_client": null,
      "total_finances_reported": null,
      "money_amount_numeric": 0.0,
      "activities_description": null,
      "contacted_entities": [],
      "page_number": 40,
      "document_name": "910216.pdf"
    },
    {
      "organization_name": "Isadore G. Alk",
      "registration_number": "490",
      "foreign_principal_client": null,
      "total_finances_reported": null,
      "money_amount_numeric": 0.0,
      "activities_description": null,
      "contacted_entities": [],
      "page_number": 40,
      "document_name": "910216.pdf"
    },
    {
      "organization_name": "Serge Rips",
      "registration_number": "500",
      "foreign_principal_client": null,
      "total_finances_reported": null,
      "money_amount_numeric": 0.0,
      "activities_description": null,
      "contacted_entities": [],
      "page_number": 40,
      "document_name": "910216.pdf"
    },
    {
      "organization_name": "Kelly, Nason, Inc.",
      "registration_number": "71",
      "foreign_principal_client": null,
      "total_finances_reported": null,
      "money_amount_numeric": 0.0,
      "activities_description": null,
      "contacted_entities": [],
      "page_number": 40,
      "document_name": "910216.pdf"
    },
    {
      "organization_name": "Pedro Orpi (Riera)",
      "registration_number": "273",
      "foreign_principal_client": null,
      "total_finances_reported": null,
      "money_amount_numeric": 0.0,
      "activities_description": null,
      "contacted_entities": [],
      "page_number": 40,
      "document_name": "910216.pdf"
    },
    {
      "organization_name": "Junta de Cultura Espanola",
      "registration_number": "420",
      "foreign_principal_client": null,
      "total_finances_reported": null,
      "money_amount_numeric": 0.0,
      "activities_description": null,
      "contacted_entities": [],
      "page_number": 40,
      "document_name": "910216.pdf"
    },
    {
      "organization_name": "Cummings, Stanley, Truitt & Cross",
      "registration_number": "425",
      "foreign_principal_client": null,
      "total_finances_reported": null,
      "money_amount_numeric": 0.0,
      "activities_description": null,
      "contacted_entities": [],
      "page_number": 40,
      "document_name": "910216.pdf"
    },
    {
      "organization_name": "Manuel Casares (Sanchez)",
      "registration_number": "538",
      "foreign_principal_client": null,
      "total_finances_reported": null,
      "money_amount_numeric": 0.0,
      "activities_description": null,
      "contacted_entities": [],
      "page_number": 40,
      "document_name": "910216.pdf"
    },
    {
      "organization_name": "Spanish Tourist Office",
      "registration_number": "562",
      "foreign_principal_client": null,
      "total_finances_reported": null,
      "money_amount_numeric": 0.0,
      "activities_description": null,
      "contacted_entities": [],
      "page_number": 40,
      "document_name": "910216.pdf"
    },
    {
      "organization_name": "Charles Patrick Clark",
      "registration_number": null,
      "foreign_principal_client": null,
      "total_finances_reported": null,
      "money_amount_numeric": 0.0,
      "activities_description": null,
      "contacted_entities": [],
      "page_number": 40,
      "document_name": "910216.pdf"
    }
  ],
  "SPAIN": [],
  "SWEDEN": [
    {
      "organization_name": "The Swedish Chamber of Commerce of the United States of America, Inc.",
      "registration_number": "",
      "foreign_principal_client": "",
      "total_finances_reported": "",
      "money_amount_numeric": 0.0,
      "activities_description": "",
      "contacted_entities": [],
      "page_number": 41,
      "document_name": "910216.pdf"
    },
    {
      "organization_name": "Swedish National Travel Office, Inc.",
      "registration_number": "",
      "foreign_principal_client": "",
      "total_finances_reported": "",
      "money_amount_numeric": 0.0,
      "activities_description": "",
      "contacted_entities": [],
      "page_number": 41,
      "document_name": "910216.pdf"
    },
    {
      "organization_name": "The American-Swedish News Exchange, Inc.",
      "registration_number": "",
      "foreign_principal_client": "",
      "total_finances_reported": "",
      "money_amount_numeric": 0.0,
      "activities_description": "",
      "contacted_entities": [],
      "page_number": 41,
      "document_name": "910216.pdf"
    },
    {
      "organization_name": "Wendell P. Colton Company",
      "registration_number": "",
      "foreign_principal_client": "",
      "total_finances_reported": "",
      "money_amount_numeric": 0.0,
      "activities_description": "",
      "contacted_entities": [],
      "page_number": 41,
      "document_name": "910216.pdf"
    },
    {
      "organization_name": "Films of the Nations, Inc.",
      "registration_number": "",
      "foreign_principal_client": "",
      "total_finances_reported": "",
      "money_amount_numeric": 0.0,
      "activities_description": "",
      "contacted_entities": [],
      "page_number": 41,
      "document_name": "910216.pdf"
    },
    {
      "organization_name": "Covington, Burling, Rublee, O'Brian & Shorb",
      "registration_number": "",
      "foreign_principal_client": "",
      "total_finances_reported": "",
      "money_amount_numeric": 0.0,
      "activities_description": "",
      "contacted_entities": [],
      "page_number": 41,
      "document_name": "910216.pdf"
    }
  ],
  "SWITZERLAND": [
    {
      "organization_name": "Official Agency Swiss Federal Railroads",
      "registration_number": "",
      "foreign_principal_client": "",
      "total_finances_reported": "",
      "money_amount_numeric": 0.0,
      "activities_description": "",
      "contacted_entities": [],
      "page_number": 41,
      "document_name": "910216.pdf"
    },
    {
      "organization_name": "Films of the Nations, Inc.",
      "registration_number": "353",
      "foreign_principal_client": "Swiss National Tourist Office",
      "total_finances_reported": "None Reported",
      "money_amount_numeric": 0.0,
      "activities_description": "None Reported",
      "contacted_entities": [],
      "page_number": 42,
      "document_name": "910216.pdf"
    }
  ],
  "SYRIA": [
    {
      "organization_name": "Syrian National Party in the U.S.A.",
      "registration_number": "45g",
      "foreign_principal_client": "",
      "total_finances_reported": "None Reported",
      "money_amount_numeric": 0.0,
      "activities_description": "None Reported",
      "contacted_entities": [],
      "page_number": 42,
      "document_name": "910216.pdf"
    }
  ],
  "TUNISIA": [
    {
      "organization_name": "",
      "registration_number": "466",
      "foreign_principal_client": "",
      "total_finances_reported": "None Reported",
      "money_amount_numeric": 0.0,
      "activities_description": "None Reported",
      "contacted_entities": [],
      "page_number": 42,
      "document_name": "910216.pdf"
    }
  ],
  "TURKEY": [
    {
      "organization_name": "Turkish Information Office",
      "registration_number": "498",
      "foreign_principal_client": "",
      "total_finances_reported": "None Reported",
      "money_amount_numeric": 0.0,
      "activities_description": "None Reported",
      "contacted_entities": [],
      "page_number": 42,
      "document_name": "910216.pdf"
    }
  ],
  "UNION OF SOUTH AFRICA": [
    {
      "organization_name": "Gotham Advertising Company",
      "registration_number": "17",
      "foreign_principal_client": "Union of South Africa Government Information Office",
      "total_finances_reported": "None Reported",
      "money_amount_numeric": 0.0,
      "activities_description": "None Reported",
      "contacted_entities": [],
      "page_number": 42,
      "document_name": "910216.pdf"
    },
    {
      "organization_name": "Films of the Nations, Inc.",
      "registration_number": "353",
      "foreign_principal_client": "Union of South Africa Government Information Office",
      "total_finances_reported": "None Reported",
      "money_amount_numeric": 0.0,
      "activities_description": "None Reported",
      "contacted_entities": [],
      "page_number": 42,
      "document_name": "910216.pdf"
    },
    {
      "organization_name": "South African Tourist Corporation",
      "registration_number": "603",
      "foreign_principal_client": null,
      "total_finances_reported": null,
      "money_amount_numeric": 0.0,
      "activities_description": null,
      "contacted_entities": [],
      "page_number": 43,
      "document_name": "910216.pdf"
    }
  ],
  "VENEZUELA": [
    {
      "organization_name": "The Venezuelan Chamber of Commerce of the United States, Inc.",
      "registration_number": "36",
      "foreign_principal_client": "Julian Avelino Arroyo",
      "total_finances_reported": "None Reported",
      "money_amount_numeric": 0.0,
      "activities_description": null,
      "contacted_entities": [],
      "page_number": 45,
      "document_name": "910216.pdf"
    },
    {
      "organization_name": "Pan-American Coffee Bureau",
      "registration_number": "406",
      "foreign_principal_client": null,
      "total_finances_reported": "None Reported",
      "money_amount_numeric": 0.0,
      "activities_description": null,
      "contacted_entities": [],
      "page_number": 45,
      "document_name": "910216.pdf"
    },
    {
      "organization_name": "Cleary, Gottlieb, Friendly & Cox",
      "registration_number": "508",
      "foreign_principal_client": "Donald D. Hogate",
      "total_finances_reported": "None Reported",
      "money_amount_numeric": 0.0,
      "activities_description": null,
      "contacted_entities": [],
      "page_number": 45,
      "document_name": "910216.pdf"
    },
    {
      "organization_name": "Lathrorn and Jenkins",
      "registration_number": "594",
      "foreign_principal_client": "Francisco C. Banda",
      "total_finances_reported": "None Reported",
      "money_amount_numeric": 0.0,
      "activities_description": null,
      "contacted_entities": [],
      "page_number": 45,
      "document_name": "910216.pdf"
    }
  ]
}